team,slot,rank,gsis_id,player_name
ARI,C,1,00-0035258,Hjalte Froholdt
ARI,C,2,00-0038571,Jon Gaines II
ARI,FS,1,00-0035378,Andrew Wingard
ARI,FS,2,00-0039864,Dadrion Taylor-Demerson
ARI,FS,3,00-0041370,Wydett Williams Jr.
ARI,FS,4,00-0037141,Joey Blount
ARI,H,1,00-0035859,Blake Gillikin
ARI,K,1,00-0038567,Chad Ryland
ARI,KR,1,00-0036331,Devin Duvernay
ARI,KR,2,00-0038559,Michael Wilson
ARI,LCB,1,00-0040751,Will Johnson
ARI,LDE,1,00-0034381,Josh Sweat
ARI,LDE,2,00-0040137,Jordan Burch
ARI,LDT,1,00-0036568,Roy Lopez
ARI,LDT,2,00-0037804,Zachary Carter
ARI,LDT,3,00-0041555,Kaleb Proctor
ARI,LG,1,00-0032954,Isaac Seumalo
ARI,LG,2,00-0040219,Hayden Conner
ARI,LS,1,00-0030957,Casey Kreiter
ARI,LT,1,00-0038540,Paris Johnson Jr.
ARI,LT,2,00-0040382,Josh Fryar
ARI,MLB,1,00-0035144,Mack Wilson Sr.
ARI,MLB,2,00-0037596,Jack Gibbens
ARI,NB,1,00-0039007,Garrett Williams
ARI,NB,2,00-0038984,Kei'Trel Clark
ARI,P,1,00-0035859,Blake Gillikin
ARI,PR,1,00-0036331,Devin Duvernay
ARI,PR,2,00-0039807,Max Melton
ARI,PR,3,00-0037157,Bam Knight
ARI,QB,1,00-0033119,Jacoby Brissett
ARI,QB,2,00-0035289,Gardner Minshew II
ARI,QB,3,00-0041561,Carson Beck
ARI,RB,1,00-0041027,Jeremiyah Love
ARI,RB,2,00-0037263,Tyler Allgeier
ARI,RB,3,00-0037157,Bam Knight
ARI,RB,4,00-0033553,James Conner
ARI,RB,5,00-0039921,Trey Benson
ARI,RCB,1,00-0040195,Denzel Burke
ARI,RCB,2,00-0039807,Max Melton
ARI,RDE,1,00-0039854,Darius Robinson
ARI,RDE,2,00-0038623,Dante Stills
ARI,RDE,3,00-0038782,Eku Leota
ARI,RDT,1,00-0040706,Walter Nolen III
ARI,RDT,2,00-0033066,Andrew Billings
ARI,RDT,3,00-0035636,L.J. Collier
ARI,RG,1,00-0039808,Isaiah Adams
ARI,RG,2,00-0041468,Chase Bisontis
ARI,RT,1,00-0033676,Elijah Wilkinson
ARI,RT,2,00-0041113,Jayden Williams
ARI,SLB,1,00-0036933,Zaven Collins
ARI,SLB,2,00-0036995,Baron Browning
ARI,SS,1,00-0033890,Budda Baker
ARI,SS,2,00-0040230,Kitan Crawford
ARI,TE,1,00-0037744,Trey McBride
ARI,TE,2,00-0039041,Elijah Higgins
ARI,TE,3,00-0037004,Hunter Long
ARI,TE,4,00-0039737,Tip Reiman
ARI,TE,5,00-0041366,Jameson Geers
ARI,WLB,1,00-0040645,Cody Simon
ARI,WLB,2,00-0041093,Karson Sharar
ARI,WR_SLOT,1,00-0033307,Kendrick Bourne
ARI,WR_SLOT,2,00-0036331,Devin Duvernay
ARI,WR_X,1,00-0039849,Marvin Harrison Jr.
ARI,WR_X,2,00-0038640,Jalen Brooks
ARI,WR_X,3,00-0036646,Simi Fehoko
ARI,WR_Z,1,00-0038559,Michael Wilson
ARI,WR_Z,2,00-0041070,Reggie Virgil
ATL,C,1,00-0036833,Ryan Neuzil
ATL,C,2,00-0033793,Corey Levin
ATL,FS,1,00-0040148,Xavier Watts
ATL,FS,2,00-0039002,Sydney Brown
ATL,FS,3,00-0040554,Malik Verdon
ATL,H,1,00-0035280,Jake Bailey
ATL,K,1,00-0025565,Nick Folk
ATL,KR,1,00-0037746,Brian Robinson Jr.
ATL,KR,2,00-0035208,Olamide Zaccheaus
ATL,KR,3,00-0041044,Zachariah Branch
ATL,LCB,1,00-0036285,A.J. Terrell Jr.
ATL,LCB,2,00-0036281,C.J. Henderson
ATL,LDE,1,00-0039859,Brandon Dorlus
ATL,LDE,2,00-0036204,LaCale London
ATL,LG,1,00-0039048,Matthew Bergeron
ATL,LG,2,00-0036354,Kyle Hinton
ATL,LILB,1,00-0036990,Divine Deablo
ATL,LILB,2,00-0041066,Kendal Daniels
ATL,LILB,3,00-0034801,Josh Woods
ATL,LS,1,00-0036082,Liam McCullough
ATL,LT,1,00-0031279,Jake Matthews
ATL,LT,2,00-0039842,Michael Jerrell
ATL,NB,1,00-0040156,Billy Bowman Jr.
ATL,NB,2,00-0041469,Avieon Terrell
ATL,NB,3,00-0034639,Mike Ford Jr.
ATL,NT,1,00-0034371,Da'Shawn Hand
ATL,NT,2,00-0039889,Maason Smith
ATL,NT,3,00-0041484,Anterio Thompson
ATL,P,1,00-0035280,Jake Bailey
ATL,PR,1,00-0041044,Zachariah Branch
ATL,PR,2,00-0035208,Olamide Zaccheaus
ATL,PR,3,00-0037741,Jahan Dotson
ATL,QB,1,00-0036212,Tua Tagovailoa
ATL,QB,2,00-0039917,Michael Penix Jr.
ATL,QB,3,00-0033662,Cooper Rush
ATL,QB,4,00-0041194,Jack Strand
ATL,RB,1,00-0038542,Bijan Robinson
ATL,RB,2,00-0037746,Brian Robinson Jr.
ATL,RB,3,00-0036984,Trey Sermon
ATL,RCB,1,00-0034843,Mike Hughes
ATL,RCB,2,00-0041188,Malcolm DeWalt IV
ATL,RDE,1,00-0039070,Gervon Dexter Sr.
ATL,RG,1,00-0035630,Chris Lindstrom
ATL,RILB,1,00-0037823,Christian Harris
ATL,RILB,2,00-0041112,Harold Perkins Jr.
ATL,RILB,3,00-0038580,Yasir Abdullah
ATL,RILB,4,00-0040056,Jared Ivey
ATL,RILB,5,00-0039370,JD Bertrand
ATL,RT,1,00-0035237,Jawaan Taylor
ATL,RT,2,00-0039842,Michael Jerrell
ATL,RT,3,00-0041121,Ethan Onianwa
ATL,RT,4,00-0040687,Cameron Williams
ATL,RT,5,00-0033752,Storm Norton
ATL,SOLB,1,00-0033945,Samson Ebukam
ATL,SOLB,2,00-0040578,James Pearce Jr.
ATL,SOLB,3,00-0037808,DeAngelo Malone
ATL,SS,1,00-0034675,Jessie Bates III
ATL,SS,2,00-0038628,DeMarcco Hellams
ATL,SS,3,00-0036956,Darren Hall
ATL,TE,1,00-0036970,Kyle Pitts Sr.
ATL,TE,2,00-0036429,Charlie Woerner
ATL,TE,3,00-0032392,Austin Hooper
ATL,WOLB,1,00-0031576,Za'Darius Smith
ATL,WOLB,2,00-0037815,Cameron Thomas
ATL,WOLB,3,00-0040577,Jalon Walker
ATL,WOLB,4,00-0038462,Keshawn Banks
ATL,WR_SLOT,1,00-0035208,Olamide Zaccheaus
ATL,WR_SLOT,2,00-0040432,Beaux Collins
ATL,WR_X,1,00-0037238,Drake London
ATL,WR_X,2,00-0041044,Zachariah Branch
ATL,WR_Z,1,00-0037741,Jahan Dotson
ATL,WR_Z,2,00-0036463,Chris Blair
BAL,C,1,00-0038629,Jovaughn Gwyn
BAL,C,2,00-0033901,Ethan Pocic
BAL,C,3,00-0036215,Danny Pinter
BAL,FS,1,00-0040688,Malaki Starks
BAL,H,1,00-0040898,Ryan Eckley
BAL,K,1,00-0040074,Tyler Loop
BAL,KR,1,00-0039796,Rasheen Ali
BAL,KR,2,00-0040075,LaJohntay Wester
BAL,KR,3,00-0034975,Justice Hill
BAL,KR,4,00-0040888,Adam Randall
BAL,LCB,1,00-0039232,Nate Wiggins
BAL,LCB,2,00-0033548,Chidobe Awuzie
BAL,LCB,3,00-0040073,Bilhal Kone
BAL,LDE,1,00-0036130,Nnamdi Madubuike
BAL,LG,1,00-0036369,John Simpson
BAL,LG,2,00-0038383,Andrew Vorhees
BAL,LILB,1,00-0034874,Roquan Smith
BAL,LILB,2,00-0040100,Jay Higgins IV
BAL,LS,1,00-0035408,Nick Moore
BAL,LT,1,00-0032965,Ronnie Stanley
BAL,LT,2,00-0040070,Carson Vinson
BAL,NB,1,00-0038038,Kyle Hamilton
BAL,NB,2,00-0040636,Keyon Martin
BAL,NB,3,00-0040885,Chandler Rivers
BAL,NT,1,00-0037756,Travis Jones
BAL,NT,2,00-0030070,John Jenkins
BAL,P,1,00-0040898,Ryan Eckley
BAL,PR,1,00-0040075,LaJohntay Wester
BAL,PR,2,00-0040876,Elijah Sarratt
BAL,QB,1,00-0034796,Lamar Jackson
BAL,QB,2,00-0035993,Tyler Huntley
BAL,QB,3,00-0040981,Joe Fagnano
BAL,QB,4,00-0037327,Skylar Thompson
BAL,RB,1,00-0032764,Derrick Henry
BAL,RB,2,00-0034975,Justice Hill
BAL,RB,3,00-0039796,Rasheen Ali
BAL,RB,4,00-0040888,Adam Randall
BAL,RCB,1,00-0033281,Marlon Humphrey
BAL,RCB,2,00-0039234,T.J. Tampa
BAL,RDE,1,00-0026190,Calais Campbell
BAL,RDE,2,00-0036081,Broderick Washington Jr.
BAL,RDE,3,00-0040076,Aeneas Peebles
BAL,RG,1,00-0040866,Olaivavega Ioane
BAL,RG,2,00-0040068,Emery Jones Jr.
BAL,RILB,1,00-0040069,Teddye Buchanan
BAL,RILB,2,00-0038504,Trenton Simpson
BAL,RT,1,00-0039233,Roger Rosengarten
BAL,SOLB,1,00-0033935,Trey Hendrickson
BAL,SOLB,2,00-0040722,Mike Green
BAL,SS,1,00-0036302,Jaylinn Hawkins
BAL,SS,2,00-0040104,Keondre Jackson
BAL,SS,3,00-0040988,Jahquez Robinson
BAL,TE,1,00-0034753,Mark Andrews
BAL,TE,2,00-0034798,Durham Smythe
BAL,TE,3,00-0040879,Matthew Hibner
BAL,TE,4,00-0040887,Josh Cuevas
BAL,WOLB,1,00-0038505,Tavius Robinson
BAL,WOLB,2,00-0041494,Zion Young
BAL,WOLB,3,00-0040978,Ethan Burke
BAL,WR_SLOT,1,00-0040870,Ja'Kobi Lane
BAL,WR_SLOT,2,00-0040075,LaJohntay Wester
BAL,WR_X,1,00-0039064,Zay Flowers
BAL,WR_X,2,00-0039792,Devontez Walker
BAL,WR_Z,1,00-0036550,Rashod Bateman
BAL,WR_Z,2,00-0040876,Elijah Sarratt
BUF,C,1,00-0035679,Connor McGovern
BUF,C,2,00-0036391,Lloyd Cushenberry III
BUF,FS,1,00-0035253,C.J. Gardner-Johnson
BUF,FS,2,00-0036888,Damar Hamlin
BUF,FS,3,00-0040192,Jordan Hancock
BUF,H,1,00-0041126,Tommy Doman Jr.
BUF,K,1,00-0036162,Tyler Bass
BUF,KR,1,00-0039875,Ray Davis
BUF,KR,2,00-0035537,Ty Johnson
BUF,LCB,1,00-0037288,Christian Benford
BUF,LCB,2,00-0040197,Dorian Strong
BUF,LDE,1,00-0040724,T.J. Sanders
BUF,LDE,2,00-0038099,Phidarian Mathis
BUF,LG,1,00-0037428,Alec Anderson
BUF,LG,2,00-0034261,Austin Corbett
BUF,LILB,1,00-0041444,Kaleb Elarms-Orr
BUF,LILB,2,00-0038557,Dorian Williams
BUF,LS,1,00-0032497,Reid Ferguson
BUF,LT,1,00-0033904,Dion Dawkins
BUF,LT,2,00-0039882,Tylan Grable
BUF,LT,3,00-0041548,Jude Bowry
BUF,NB,1,00-0037034,Dee Alford
BUF,NB,2,00-0041086,Jalon Kilgore
BUF,NT,1,00-0040710,Deone Walker
BUF,NT,2,00-0039873,DeWayne Carter
BUF,P,1,00-0041126,Tommy Doman Jr.
BUF,PR,1,00-0037261,Khalil Shakir
BUF,PR,2,00-0039875,Ray Davis
BUF,PR,3,00-0039901,Keon Coleman
BUF,PR,4,00-0037034,Dee Alford
BUF,QB,1,00-0034857,Josh Allen
BUF,QB,2,00-0034577,Kyle Allen
BUF,RB,1,00-0037248,James Cook III
BUF,RB,2,00-0039875,Ray Davis
BUF,RB,3,00-0035537,Ty Johnson
BUF,RCB,1,00-0040709,Maxwell Hairston
BUF,RCB,2,00-0041391,Davison Igbinosun
BUF,RDE,1,00-0035230,Ed Oliver
BUF,RDE,2,00-0035667,Greg Gaines
BUF,RDE,3,00-0041091,Zane Durant
BUF,RG,1,00-0038548,O'Cyrus Torrence
BUF,RG,2,00-0034261,Austin Corbett
BUF,RG,3,00-0041128,Ar'maj Reed-Adams
BUF,RILB,1,00-0037254,Terrel Bernard
BUF,RILB,2,00-0039763,Joe Andreessen
BUF,RT,1,00-0036976,Spencer Brown
BUF,SOLB,1,00-0034832,Bradley Chubb
BUF,SOLB,2,00-0041036,TJ Parker
BUF,SOLB,3,00-0036378,Mike Danna
BUF,SS,1,00-0039872,Cole Bishop
BUF,SS,2,00-0041086,Jalon Kilgore
BUF,SS,3,00-0036037,Sam Franklin Jr.
BUF,TE,1,00-0038933,Dalton Kincaid
BUF,TE,2,00-0035689,Dawson Knox
BUF,TE,3,00-0040194,Jackson Hawes
BUF,TE,4,00-0040363,Keleki Latu
BUF,WOLB,1,00-0036914,Greg Rousseau
BUF,WOLB,2,00-0035933,Michael Hoecht
BUF,WOLB,3,00-0039879,Javon Solomon
BUF,WOLB,4,00-0040132,Landon Jackson
BUF,WR_SLOT,1,00-0039901,Keon Coleman
BUF,WR_SLOT,2,00-0038679,Tyrell Shavers
BUF,WR_X,1,00-0034827,DJ Moore
BUF,WR_X,2,00-0036988,Joshua Palmer
BUF,WR_Z,1,00-0037261,Khalil Shakir
BUF,WR_Z,2,00-0041443,Skyler Bell
CAR,C,1,00-0037814,Luke Fortner
CAR,C,2,00-0041071,Sam Hecht
CAR,FS,1,00-0035669,Nick Scott
CAR,FS,2,00-0040159,Lathan Ransom
CAR,H,1,00-0030092,Sam Martin
CAR,K,1,00-0040279,Ryan Fitzgerald
CAR,KR,1,00-0040218,Jimmy Horn Jr.
CAR,KR,2,00-0037614,John Metchie III
CAR,KR,3,00-0039342,Xavier Legette
CAR,KR,4,00-0040644,Trevor Etienne
CAR,LCB,1,00-0035277,Mike Jackson
CAR,LCB,2,00-0038101,Akayleb Evans
CAR,LDE,1,00-0036220,Derrick Brown
CAR,LDE,2,00-0041148,Aaron Hall
CAR,LG,1,00-0036417,Damien Lewis
CAR,LG,2,00-0039242,Corey Bullock
CAR,LILB,1,00-0037244,Devin Lloyd
CAR,LILB,2,00-0041119,Jackson Kuwatch
CAR,LILB,3,00-0040289,Bam Martin-Scott
CAR,LS,1,00-0026027,JJ Jansen
CAR,LT,1,00-0037196,Rasheed Walker
CAR,LT,2,00-0036653,Stone Forsythe
CAR,LT,3,00-0037229,Ikem Ekwonu
CAR,LT,4,00-0036968,Brady Christensen
CAR,NB,1,00-0039380,Chau Smith-Wade
CAR,NT,1,00-0041478,Lee Hunter
CAR,NT,2,00-0040174,Cam Jackson
CAR,P,1,00-0030092,Sam Martin
CAR,PR,1,00-0040218,Jimmy Horn Jr.
CAR,PR,2,00-0037614,John Metchie III
CAR,PR,3,00-0040644,Trevor Etienne
CAR,QB,1,00-0039150,Bryce Young
CAR,QB,2,00-0038102,Kenny Pickett
CAR,QB,3,00-0041149,Haynes King
CAR,RB,1,00-0036555,Chuba Hubbard
CAR,RB,2,00-0039344,Jonathon Brooks
CAR,RB,3,00-0036265,AJ Dillon
CAR,RB,4,00-0040644,Trevor Etienne
CAR,RCB,1,00-0036944,Jaycee Horn
CAR,RCB,2,00-0041063,Will Lee III
CAR,RDE,1,00-0036903,Bobby Brown III
CAR,RDE,2,00-0040458,TeRah Edwards
CAR,RDE,3,00-0035890,Tershawn Wharton
CAR,RG,1,00-0036325,Robert Hunt
CAR,RG,2,00-0036968,Brady Christensen
CAR,RILB,1,00-0035687,Bobby Okereke
CAR,RILB,2,00-0038493,Claudin Cherelus
CAR,RT,1,00-0041034,Monroe Freeling
CAR,RT,2,00-0041138,Albert Reese IV
CAR,RT,3,00-0033284,Taylor Moton
CAR,SOLB,1,00-0036934,Jaelan Phillips
CAR,SOLB,2,00-0036305,Trevis Gipson
CAR,SS,1,00-0036962,Tre'von Moehrig
CAR,SS,2,00-0041076,Zakee Wheatley
CAR,TE,1,00-0037005,Tommy Tremble
CAR,TE,2,00-0040187,Mitchell Evans
CAR,TE,3,00-0031610,Darren Waller
CAR,TE,4,00-0039356,Ja'Tavion Sanders
CAR,TE,5,00-0036825,Feleipe Franks
CAR,WOLB,1,00-0037007,Patrick Jones II
CAR,WOLB,2,00-0040136,Princely Umanmielen
CAR,WOLB,3,00-0038791,Thomas Incoom
CAR,WOLB,4,00-0040746,Nic Scourton
CAR,WR_SLOT,1,00-0039342,Xavier Legette
CAR,WR_SLOT,2,00-0038840,Brycen Tremayne
CAR,WR_X,1,00-0040124,Tetairoa McMillan
CAR,WR_X,2,00-0037614,John Metchie III
CAR,WR_X,3,00-0041047,Chris Brazzell II
CAR,WR_Z,1,00-0039491,Jalen Coker
CAR,WR_Z,2,00-0040218,Jimmy Horn Jr.
CHI,C,1,00-0035588,Garrett Bradbury
CHI,C,2,00-0041539,Logan Jones
CHI,FS,1,00-0033579,Xavier Woods
CHI,FS,2,00-0041175,Skyler Thomas
CHI,FS,3,00-0038136,Coby Bryant
CHI,H,1,00-0039745,Tory Taylor
CHI,K,1,00-0031203,Cairo Santos
CHI,KR,1,00-0041051,Zavion Thomas
CHI,KR,2,00-0032464,Kalif Raymond
CHI,KR,3,00-0037129,Josh Blackwell
CHI,KR,4,00-0040735,Luther Burden III
CHI,LCB,1,00-0036292,Jaylon Johnson
CHI,LCB,2,00-0040550,Dontae Manning
CHI,LDE,1,00-0035647,Montez Sweat
CHI,LDE,2,00-0039461,Jamree Kromah
CHI,LDT,1,00-0031583,Grady Jarrett
CHI,LDT,2,00-0036366,Neville Gallimore
CHI,LDT,3,00-0036337,James Lynch
CHI,LDT,4,00-0041110,Jordan van den Berg
CHI,LG,1,00-0032391,Joe Thuney
CHI,LG,2,00-0038595,Jordan McFadden
CHI,LS,1,00-0041167,Beau Gardner
CHI,LT,1,00-0037081,Braxton Jones
CHI,LT,2,00-0040740,Ozzy Trapilo
CHI,LT,3,00-0039459,Theo Benedet
CHI,MLB,1,00-0035386,T.J. Edwards
CHI,MLB,2,00-0041085,Keyshaun Elliott
CHI,MLB,3,00-0038390,Noah Sewell
CHI,NB,1,00-0035357,Cam Lewis
CHI,NB,2,00-0037129,Josh Blackwell
CHI,NB,3,00-0038111,Kyler Gordon
CHI,NB,4,00-0039454,Beanie Bishop
CHI,P,1,00-0039745,Tory Taylor
CHI,PR,1,00-0032464,Kalif Raymond
CHI,PR,2,00-0041051,Zavion Thomas
CHI,PR,3,00-0037129,Josh Blackwell
CHI,QB,1,00-0039918,Caleb Williams
CHI,QB,2,00-0038416,Tyson Bagent
CHI,QB,3,00-0028986,Case Keenum
CHI,RB,1,00-0036275,D'Andre Swift
CHI,RB,2,00-0040236,Kyle Monangai
CHI,RB,3,00-0039021,Roschon Johnson
CHI,RB,4,00-0037329,Brittain Brown
CHI,RCB,1,00-0039071,Tyrique Stevenson
CHI,RCB,2,00-0038568,Clark Phillips III
CHI,RCB,3,00-0041060,Malik Muhammad
CHI,RCB,4,00-0037395,Dallis Flowers
CHI,RDE,1,00-0036480,Dayo Odeyingbo
CHI,RDE,2,00-0039840,Austin Booker
CHI,RDE,3,00-0037843,Daniel Hardy
CHI,RDE,4,00-0036239,Jonathan Garvin
CHI,RDT,1,00-0034320,Kentavius Street
CHI,RDT,2,00-0041171,Jayden Loving
CHI,RDT,3,00-0040741,Shemar Turner
CHI,RG,1,00-0036258,Jonah Jackson
CHI,RG,2,00-0040210,Luke Newman
CHI,RT,1,00-0038932,Darnell Wright
CHI,RT,2,00-0039459,Theo Benedet
CHI,SLB,1,00-0037271,D'Marco Jackson
CHI,SLB,2,00-0037109,Jack Sanborn
CHI,SS,1,00-0041538,Dillon Thieneman
CHI,SS,2,00-0037096,Elijah Hicks
CHI,TE,1,00-0040126,Colston Loveland
CHI,TE,2,00-0036290,Cole Kmet
CHI,TE,3,00-0041558,Sam Roush
CHI,TE,4,00-0037031,Nikola Kalinic
CHI,TE,5,00-0041170,Hayden Large
CHI,WLB,1,00-0035525,Devin Bush
CHI,WLB,2,00-0036634,Tony Fields II
CHI,WLB,3,00-0037544,Nephi Sewell
CHI,WLB,4,00-0040167,Ruben Hyppolite II
CHI,WR_SLOT,1,00-0032464,Kalif Raymond
CHI,WR_X,1,00-0039919,Rome Odunze
CHI,WR_X,2,00-0041051,Zavion Thomas
CHI,WR_Z,1,00-0040735,Luther Burden III
CHI,WR_Z,2,00-0040277,Jahdae Walker
CIN,C,1,00-0032445,Ted Karras
CIN,C,2,00-0041062,Connor Lew
CIN,C,3,00-0040359,Jacob Bayer
CIN,FS,1,00-0037193,Bryan Cook
CIN,FS,2,00-0039632,PJ Jules
CIN,H,1,00-0039323,Ryan Rehkow
CIN,K,1,00-0036854,Evan McPherson
CIN,KR,1,00-0033526,Samaje Perine
CIN,KR,2,00-0040208,Tahj Brooks
CIN,KR,3,00-0040534,Ke'Shawn Williams
CIN,LCB,1,00-0037743,Dax Hill
CIN,LCB,2,00-0041464,Tacario Davis
CIN,LCB,3,00-0038642,DJ Ivey
CIN,LDE,1,00-0038133,Boye Mafe
CIN,LDE,2,00-0040756,Shemar Stewart
CIN,LDE,3,00-0039752,Cedric Johnson
CIN,LDT,1,00-0035683,Dexter Lawrence II
CIN,LDT,2,00-0036642,T.J. Slaton Jr.
CIN,LDT,3,00-0041118,Landon Robinson
CIN,LG,1,00-0040140,Dylan Fairchild
CIN,LG,2,00-0041098,Brian Parker II
CIN,LS,1,00-0040379,William Wagner
CIN,LT,1,00-0034752,Orlando Brown Jr.
CIN,LT,2,00-0039742,Javon Foster
CIN,LT,3,00-0040015,Myles Hinton
CIN,MLB,1,00-0040157,Barrett Carter
CIN,NB,1,00-0034446,Jalen Davis
CIN,NB,2,00-0037307,Ja'Sir Taylor
CIN,P,1,00-0039323,Ryan Rehkow
CIN,PR,1,00-0040534,Ke'Shawn Williams
CIN,PR,2,00-0040785,Dohnte Meyers
CIN,QB,1,00-0036442,Joe Burrow
CIN,QB,2,00-0026158,Joe Flacco
CIN,RB,1,00-0038597,Chase Brown
CIN,RB,2,00-0033526,Samaje Perine
CIN,RB,3,00-0040208,Tahj Brooks
CIN,RCB,1,00-0038549,DJ Turner II
CIN,RCB,2,00-0039375,Josh Newton
CIN,RDE,1,00-0038546,Myles Murphy
CIN,RDE,2,00-0041546,Cashius Howell
CIN,RDT,1,00-0033523,Jonathan Allen
CIN,RDT,2,00-0034800,B.J. Hill
CIN,RDT,3,00-0039908,Kris Jenkins Jr.
CIN,RG,1,00-0035702,Dalton Risner
CIN,RG,2,00-0040180,Jalen Rivers
CIN,RT,1,00-0039925,Amarius Mims
CIN,SLB,1,00-0034754,Oren Burks
CIN,SLB,2,00-0039313,Swayze Bozeman
CIN,SS,1,00-0038560,Jordan Battle
CIN,SS,2,00-0036231,Kyle Dugger
CIN,TE,1,00-0034829,Mike Gesicki
CIN,TE,2,00-0035631,Drew Sample
CIN,TE,3,00-0039814,Erick All Jr.
CIN,TE,4,00-0041116,Jack Endries
CIN,WLB,1,00-0040738,Demetrius Knight Jr.
CIN,WR_SLOT,1,00-0038619,Andrei Iosivas
CIN,WR_SLOT,2,00-0040534,Ke'Shawn Williams
CIN,WR_X,1,00-0036900,Ja'Marr Chase
CIN,WR_X,2,00-0041069,Colbie Young
CIN,WR_Z,1,00-0036410,Tee Higgins
CIN,WR_Z,2,00-0040785,Dohnte Meyers
CLE,C,1,00-0035526,Elgton Jenkins
CLE,C,2,00-0041073,Parker Brailsford
CLE,C,3,00-0038609,Luke Wypler
CLE,FB,1,00-0031595,Michael Burton
CLE,FS,1,00-0038715,Ronnie Hickman
CLE,FS,2,00-0041471,Emmanuel McNeil-Warren
CLE,FS,3,00-0036306,Daniel Thomas
CLE,FS,4,00-0040263,Donovan McMillon
CLE,H,1,00-0034721,Corey Bojorquez
CLE,K,1,00-0038428,Andre Szmyt
CLE,KR,1,00-0039920,Malachi Corley
CLE,KR,2,00-0040162,Dylan Sampson
CLE,LCB,1,00-0034856,Denzel Ward
CLE,LCB,2,00-0038565,Mekhi Blackmon
CLE,LCB,3,00-0041115,Toriano Pride Jr.
CLE,LCB,4,00-0038105,Damarri Mathis
CLE,LDE,1,00-0038574,Isaiah McGuire
CLE,LDE,2,00-0033876,Derek Barnett
CLE,LDE,3,00-0037251,Alex Wright
CLE,LDT,1,00-0040685,Mason Graham
CLE,LDT,2,00-0040255,Adin Huntington
CLE,LDT,3,00-0037832,Kalia Davis
CLE,LG,1,00-0037818,Zion Johnson
CLE,LG,2,00-0039350,Zak Zinter
CLE,LG,3,00-0036983,Kendrick Green
CLE,LS,1,00-0036443,Rex Sunahara
CLE,LT,1,00-0041030,Spencer Fano
CLE,LT,2,00-0039014,Dawand Jones
CLE,MLB,1,00-0040579,Carson Schwesinger
CLE,MLB,2,00-0039878,Edefuan Ulofoshio
CLE,NB,1,00-0039417,Myles Harden
CLE,NB,2,00-0036287,Noah Igbinoghene
CLE,P,1,00-0034721,Corey Bojorquez
CLE,PR,1,00-0040782,Isaiah Bond
CLE,PR,2,00-0041547,KC Concepcion
CLE,QB,1,00-0033537,Deshaun Watson
CLE,QB,2,00-0040668,Shedeur Sanders
CLE,QB,3,00-0041092,Taylen Green
CLE,QB,4,00-0040704,Dillon Gabriel
CLE,RB,1,00-0040784,Quinshon Judkins
CLE,RB,2,00-0040162,Dylan Sampson
CLE,RB,3,00-0040466,Raheim Sanders
CLE,RCB,1,00-0036974,Tyson Campbell
CLE,RDE,1,00-0039852,Jared Verse
CLE,RDE,2,00-0037665,Sam Williams
CLE,RDT,1,00-0033131,Maliek Collins
CLE,RDT,2,00-0039895,Mike Hall Jr.
CLE,RDT,3,00-0039764,Elijah Chatman
CLE,RDT,4,00-0038405,Travis Bell
CLE,RG,1,00-0036953,Teven Jenkins
CLE,RG,2,00-0041049,Austin Barber
CLE,RT,1,00-0035234,Tytus Howard
CLE,RT,2,00-0041049,Austin Barber
CLE,SLB,1,00-0035680,Quincy Williams
CLE,SLB,2,00-0041075,Justin Jefferson
CLE,SS,1,00-0036282,Grant Delpit
CLE,TE,1,00-0040663,Harold Fannin Jr.
CLE,TE,2,00-0038710,Blake Whiteheart
CLE,TE,3,00-0041131,Carsen Ryan
CLE,TE,4,00-0041087,Joe Royer
CLE,WLB,1,00-0039515,Winston Reid
CLE,WLB,2,00-0040261,Easton Mascarenas-Arnold
CLE,WLB,3,00-0036915,Jeremiah Owusu-Koramoah
CLE,WR_SLOT,1,00-0041037,Denzel Boston
CLE,WR_SLOT,2,00-0039920,Malachi Corley
CLE,WR_X,1,00-0036407,Jerry Jeudy
CLE,WR_X,2,00-0040782,Isaiah Bond
CLE,WR_X,3,00-0039379,Jamari Thrash
CLE,WR_Z,1,00-0041547,KC Concepcion
CLE,WR_Z,2,00-0036630,Tylan Wallace
DAL,C,1,00-0039348,Cooper Beebe
DAL,C,2,00-0036295,Matt Hennessy
DAL,FB,1,00-0038738,Hunter Luepke
DAL,FS,1,00-0033877,Malik Hooker
DAL,FS,2,00-0035227,P.J. Locke
DAL,FS,3,00-0037561,Markquese Bell
DAL,H,1,00-0029692,Bryan Anger
DAL,K,1,00-0037692,Brandon Aubrey
DAL,KR,1,00-0037801,KaVontae Turpin
DAL,KR,2,00-0037563,Malik Davis
DAL,LCB,1,00-0037839,Cobie Durant
DAL,LCB,2,00-0040008,Shavon Revel Jr.
DAL,LCB,3,00-0038624,Ameer Speed
DAL,LDE,1,00-0035718,Quinnen Williams
DAL,LDE,2,00-0040880,LT Overton
DAL,LDE,3,00-0040933,Kelvin Gilliam Jr.
DAL,LG,1,00-0038731,T.J. Bass
DAL,LG,2,00-0037243,Tyler Smith
DAL,LILB,1,00-0038556,DeMarvion Overshown
DAL,LILB,2,00-0040011,Shemar James
DAL,LS,1,00-0034198,Trent Sieg
DAL,LT,1,00-0039341,Tyler Guyton
DAL,LT,2,00-0039109,Broderick Jones
DAL,NB,1,00-0040865,Caleb Downs
DAL,NT,1,00-0037270,Otito Ogbonnia
DAL,NT,2,00-0033093,Jonathan Bullard
DAL,P,1,00-0029692,Bryan Anger
DAL,PR,1,00-0037801,KaVontae Turpin
DAL,PR,2,00-0040865,Caleb Downs
DAL,PR,3,00-0039062,Jonathan Mingo
DAL,QB,1,00-0033077,Dak Prescott
DAL,QB,2,00-0037077,Sam Howell
DAL,RB,1,00-0036997,Javonte Williams
DAL,RB,2,00-0037563,Malik Davis
DAL,RB,3,00-0038705,Emari Demercado
DAL,RCB,1,00-0037275,DaRon Bland
DAL,RCB,2,00-0039387,Caelen Carson
DAL,RCB,3,00-0040875,Devin Moore
DAL,RDE,1,00-0033120,Kenny Clark
DAL,RG,1,00-0040007,Tyler Booker
DAL,RILB,1,00-0038625,Dee Winters
DAL,RILB,2,00-0040872,Jaishawn Barham
DAL,RT,1,00-0036036,Terence Steele
DAL,RT,2,00-0040874,Drew Shelton
DAL,RT,3,00-0040017,Ajani Cornelius
DAL,SOLB,1,00-0040725,Donovan Ezeiruaku
DAL,SOLB,2,00-0041537,Malachi Lawrence
DAL,SOLB,3,00-0039352,Marist Liufau
DAL,SS,1,00-0035705,Jalen Thompson
DAL,SS,2,00-0040045,Alijah Clark
DAL,TE,1,00-0038041,Jake Ferguson
DAL,TE,2,00-0039530,Brevyn Spann-Ford
DAL,TE,3,00-0038547,Luke Schoonmaker
DAL,TE,4,00-0038735,Princeton Fant
DAL,TE,5,00-0040938,DJ Rogers
DAL,WOLB,1,00-0034967,Rashan Gary
DAL,WOLB,2,00-0027940,Von Miller
DAL,WOLB,3,00-0037310,James Houston
DAL,WOLB,4,00-0038742,Tyrus Wheat
DAL,WR_SLOT,1,00-0039410,Ryan Flournoy
DAL,WR_SLOT,2,00-0040930,Camden Brown
DAL,WR_X,1,00-0036358,CeeDee Lamb
DAL,WR_X,2,00-0037801,KaVontae Turpin
DAL,WR_Z,1,00-0037247,George Pickens
DAL,WR_Z,2,00-0039062,Jonathan Mingo
DEN,C,1,00-0037278,Luke Wattenberg
DEN,C,2,00-0038649,Alex Forsyth
DEN,C,3,00-0035686,Michael Deiter
DEN,FS,1,00-0036221,Brandon Jones
DEN,FS,2,00-0036683,Devon Key
DEN,H,1,00-0040223,Jeremy Crawshaw
DEN,K,1,00-0032569,Wil Lutz
DEN,KR,1,00-0038976,Marvin Mims Jr.
DEN,KR,2,00-0037085,Tyler Badie
DEN,KR,3,00-0040730,RJ Harvey
DEN,LCB,1,00-0036874,Pat Surtain II
DEN,LCB,2,00-0039371,Kris Abrams-Draine
DEN,LDE,1,00-0035763,Malcolm Roach
DEN,LDE,2,00-0038106,Eyioma Uwazurike
DEN,LDE,3,00-0041552,Tyler Onyedim
DEN,LDE,4,00-0037303,Matt Henningsen
DEN,LG,1,00-0034978,Ben Powers
DEN,LG,2,00-0039438,Nick Gargiulo
DEN,LILB,1,00-0031898,Alex Singleton
DEN,LILB,2,00-0040449,Karene Reid
DEN,LILB,3,00-0040634,Jordan Turner
DEN,LT,1,00-0033538,Garett Bolles
DEN,LT,2,00-0036392,Matt Peart
DEN,LT,3,00-0039568,Frank Crum
DEN,NB,1,00-0037384,Ja'Quan McMillian
DEN,NT,1,00-0033297,D.J. Jones
DEN,P,1,00-0040223,Jeremy Crawshaw
DEN,PR,1,00-0038976,Marvin Mims Jr.
DEN,QB,1,00-0039732,Bo Nix
DEN,QB,2,00-0035264,Jarrett Stidham
DEN,QB,3,00-0036879,Sam Ehlinger
DEN,RB,1,00-0036158,J.K. Dobbins
DEN,RB,2,00-0040730,RJ Harvey
DEN,RB,3,00-0041496,Jonah Coleman
DEN,RB,4,00-0037085,Tyler Badie
DEN,RCB,1,00-0038552,Riley Moss
DEN,RCB,2,00-0040720,Jahdae Barron
DEN,RDE,1,00-0035248,Zach Allen
DEN,RDE,2,00-0037294,Jordan Jackson
DEN,RDE,3,00-0040153,Sai'vion Jones
DEN,RG,1,00-0037001,Quinn Meinerz
DEN,RG,2,00-0041498,Kage Casey
DEN,RILB,1,00-0036428,Justin Strnad
DEN,RILB,2,00-0039565,Levelle Bailey
DEN,RT,1,00-0034847,Mike McGlinchey
DEN,RT,2,00-0038796,Alex Palczewski
DEN,SOLB,1,00-0037249,Nik Bonitto
DEN,SOLB,2,00-0039809,Jonah Elliss
DEN,SOLB,3,00-0040168,Que Robinson
DEN,SS,1,00-0036564,Talanoa Hufanga
DEN,SS,2,00-0038605,JL Skinner
DEN,SS,3,00-0037752,Tycen Anderson
DEN,TE,1,00-0033881,Evan Engram
DEN,TE,2,00-0036422,Adam Trautman
DEN,TE,3,00-0038783,Nate Adkins
DEN,TE,4,00-0041133,Dallen Bentley
DEN,TE,5,00-0040240,Caleb Lohner
DEN,WOLB,1,00-0037799,Dondrea Tillman
DEN,WOLB,2,00-0036952,Jonathon Cooper
DEN,WOLB,3,00-0039003,Drew Sanders
DEN,WR_SLOT,1,00-0039868,Troy Franklin
DEN,WR_SLOT,2,00-0035406,Lil'Jordan Humphrey
DEN,WR_X,1,00-0036613,Jaylen Waddle
DEN,WR_X,2,00-0038976,Marvin Mims Jr.
DEN,WR_Z,1,00-0034348,Courtland Sutton
DEN,WR_Z,2,00-0040134,Pat Bryant
DET,C,1,00-0038936,Juice Scruggs
DET,C,2,00-0037297,Cade Mays
DET,C,3,00-0037385,Michael Niese
DET,FS,1,00-0033294,Chuck Clark
DET,FS,2,00-0039660,Thomas Harper
DET,FS,3,00-0037667,Kerby Joseph
DET,H,1,00-0035156,Jack Fox
DET,K,1,00-0039172,Jake Bates
DET,KR,1,00-0038896,Jacob Saylors
DET,KR,2,00-0039364,Sione Vaki
DET,LCB,1,00-0034384,D.J. Reed
DET,LCB,2,00-0035637,Rock Ya-Sin
DET,LDE,1,00-0037236,Aidan Hutchinson
DET,LDE,2,00-0038940,Tyler Lacy
DET,LDE,3,00-0041459,Eric O'Neill
DET,LDE,4,00-0036926,Payton Turner
DET,LDT,1,00-0036624,Alim McNeill
DET,LDT,2,00-0040672,Tyleik Williams
DET,LDT,3,00-0039396,Mekhi Wingo
DET,LG,1,00-0039408,Christian Mahogany
DET,LG,2,00-0038936,Juice Scruggs
DET,LG,3,00-0040193,Miles Frazier
DET,LS,1,00-0039445,Hogan Hatten
DET,LT,1,00-0036880,Penei Sewell
DET,LT,2,00-0039362,Giovanni Manu
DET,MLB,1,00-0039018,Jack Campbell
DET,MLB,2,00-0035707,Devin White
DET,NB,1,00-0038125,Roger McCreary
DET,NB,2,00-0038820,Christian Izien
DET,NB,3,00-0039862,Ennis Rakestraw Jr.
DET,P,1,00-0035156,Jack Fox
DET,PR,1,00-0037524,Tay Martin
DET,QB,1,00-0033106,Jared Goff
DET,QB,2,00-0033949,Joshua Dobbs
DET,RB,1,00-0039139,Jahmyr Gibbs
DET,RB,2,00-0039364,Sione Vaki
DET,RB,3,00-0038896,Jacob Saylors
DET,RB,4,00-0037197,Isiah Pacheco
DET,RCB,1,00-0041445,Keith Abney II
DET,RCB,2,00-0036124,Khalil Dorsey
DET,RDE,1,00-0036335,DJ Wonnum
DET,RDE,2,00-0041441,Derrick Moore
DET,RDE,3,00-0038660,Trevor Nowaske
DET,RDE,4,00-0040761,Ahmed Hassanein
DET,RDT,1,00-0036954,Levi Onwuzurike
DET,RDT,2,00-0041447,Skyler Gill-Howard
DET,RG,1,00-0040728,Tate Ratledge
DET,RG,2,00-0036272,Ben Bartch
DET,RT,1,00-0011237,Blake Miller
DET,RT,2,00-0036905,Larry Borom
DET,SLB,1,00-0037289,Malcolm Rodriguez
DET,SLB,2,00-0041442,Jimmy Rolder
DET,SS,1,00-0034377,Avonte Maddox
DET,SS,2,00-0039141,Brian Branch
DET,TE,1,00-0039065,Sam LaPorta
DET,TE,2,00-0036754,Brock Wright
DET,TE,3,00-0034270,Tyler Conklin
DET,TE,4,00-0040390,Jackson Meeks
DET,WLB,1,00-0036964,Derrick Barnes
DET,WLB,2,00-0035895,Joe Bachie
DET,WLB,3,00-0037281,Damone Clark
DET,WR_SLOT,1,00-0040669,Isaac TeSlaa
DET,WR_X,1,00-0036963,Amon-Ra St. Brown
DET,WR_X,2,00-0037524,Tay Martin
DET,WR_Z,1,00-0037240,Jameson Williams
DET,WR_Z,2,00-0041446,Kendrick Law
GB,C,1,00-0037076,Sean Rhyan
GB,C,2,00-0040884,Jager Burton
GB,FS,1,00-0036388,Xavier McKinney
GB,FS,2,00-0039818,Kitan Oladapo
GB,FS,3,00-0040033,Johnathan Baldwin II
GB,H,1,00-0037547,Daniel Whelan
GB,K,1,00-0040899,Trey Smack
GB,KR,1,00-0038090,Skyy Moore
GB,KR,2,00-0040009,Savion Williams
GB,LCB,1,00-0035133,Keisean Nixon
GB,LCB,2,00-0036625,Benjamin St-Juste
GB,LDE,1,00-0038398,Karl Brooks
GB,LDE,2,00-0040689,Anthony Campbell
GB,LG,1,00-0036551,Aaron Banks
GB,LG,2,00-0040884,Jager Burton
GB,LILB,1,00-0039850,Edgerrin Cooper
GB,LILB,2,00-0039812,Ty'Ron Hopper
GB,LS,1,00-0035118,Matt Orzech
GB,LT,1,00-0039904,Jordan Morgan
GB,LT,2,00-0040023,John Williams
GB,NB,1,00-0039867,Javon Bullard
GB,NB,2,00-0039831,Kamal Hadden
GB,NT,1,00-0033109,Javon Hargrave
GB,NT,2,00-0037094,Jonathan Ford
GB,NT,3,00-0038506,Jordon Riley
GB,P,1,00-0037547,Daniel Whelan
GB,PR,1,00-0038090,Skyy Moore
GB,QB,1,00-0036264,Jordan Love
GB,QB,2,00-0028118,Tyrod Taylor
GB,RB,1,00-0039811,MarShawn Lloyd
GB,RB,2,00-0038685,Chris Brooks
GB,RB,3,00-0040142,Kaleb Johnson
GB,RB,4,00-0035700,Josh Jacobs
GB,RCB,1,00-0041470,Brandon Cisse
GB,RCB,2,00-0038408,Carrington Valentine
GB,RCB,3,00-0008818,Marlon Jones
GB,RDE,1,00-0037075,Devonte Wyatt
GB,RDE,2,00-0040016,Warren Brinson
GB,RDE,3,00-0040869,Chris McClellan
GB,RG,1,00-0039817,Jacob Monk
GB,RG,2,00-0039272,Donovan Jennings
GB,RG,3,00-0040726,Anthony Belton
GB,RILB,1,00-0034431,Zaire Franklin
GB,RILB,2,00-0036658,Isaiah McDuffie
GB,RILB,3,00-0036648,Nick Niemann
GB,RT,1,00-0037817,Zach Bako-Bewele
GB,RT,2,00-0040726,Anthony Belton
GB,RT,3,00-0039819,Travis Glover
GB,SOLB,1,00-0040010,Barryn Sorrell
GB,SOLB,2,00-0036932,Micah Parsons
GB,SOLB,3,00-0040012,Collin Oliver
GB,SS,1,00-0039813,Evan Williams
GB,SS,2,00-0038494,Trey Dean III
GB,TE,1,00-0038996,Tucker Kraft
GB,TE,2,00-0033858,Jonnu Smith
GB,TE,3,00-0038589,Josh Whyle
GB,TE,4,00-0040598,Mark Redman
GB,TE,5,00-0039144,Luke Musgrave
GB,TE,6,00-0039936,Thomas Yassmin
GB,WOLB,1,00-0039112,Lukas Van Ness
GB,WOLB,2,00-0038463,Brenton Cox Jr.
GB,WOLB,3,00-0040877,Dani Dennis-Sutton
GB,WR_SLOT,1,00-0040667,Matthew Golden
GB,WR_SLOT,2,00-0040948,J. Michael Sturdivant
GB,WR_X,1,00-0038124,Christian Watson
GB,WR_X,2,00-0037091,Bo Melton
GB,WR_X,3,00-0040009,Savion Williams
GB,WR_Z,1,00-0039146,Jayden Reed
GB,WR_Z,2,00-0038090,Skyy Moore
HOU,C,1,00-0034495,Evan Brown
HOU,C,2,00-0041532,Keylan Rutledge
HOU,C,3,00-0039030,Jake Andrews
HOU,FS,1,00-0039838,Calen Bullock
HOU,FS,2,00-0041466,Kamari Ramsey
HOU,H,1,00-0040654,Kai Kroeger
HOU,K,1,00-0032726,Ka'imi Fairbairn
HOU,KR,1,00-0040138,Jaylin Noel
HOU,KR,2,00-0034278,Tremon Smith
HOU,KR,3,00-0040583,Woody Marks
HOU,KR,4,00-0038618,Xavier Hutchinson
HOU,LCB,1,00-0037237,Derek Stingley Jr.
HOU,LCB,2,00-0034278,Tremon Smith
HOU,LCB,3,00-0041313,Collin Wright
HOU,LDE,1,00-0039108,Will Anderson Jr.
HOU,LDE,2,00-0041305,Sabastian Harsh
HOU,LDE,3,00-0039009,Dylan Horton
HOU,LDE,4,00-0039427,Solomon Byrd
HOU,LDT,1,00-0036883,Tommy Togiai
HOU,LDT,2,00-0038127,Logan Hall
HOU,LDT,3,00-0032265,Mario Edwards Jr.
HOU,LG,1,00-0041532,Keylan Rutledge
HOU,LG,2,00-0034399,Wyatt Teller
HOU,LG,3,00-0034495,Evan Brown
HOU,LS,1,00-0040409,Austin Brinkman
HOU,LT,1,00-0040745,Aireontae Ersery
HOU,LT,2,00-0039857,Blake Fisher
HOU,MLB,1,00-0035166,Azeez Al-Shaair
HOU,MLB,2,00-0041465,Wade Woodaz
HOU,MLB,3,00-0037633,Jake Hummel
HOU,MLB,4,00-0040413,K.C. Ossai
HOU,NB,1,00-0037246,Jalen Pitre
HOU,P,1,00-0040654,Kai Kroeger
HOU,PR,1,00-0040138,Jaylin Noel
HOU,PR,2,00-0038977,Tank Dell
HOU,QB,1,00-0039163,C.J. Stroud
HOU,QB,2,00-0036898,Davis Mills
HOU,QB,3,00-0040211,Graham Mertz
HOU,RB,1,00-0035685,David Montgomery
HOU,RB,2,00-0040583,Woody Marks
HOU,RB,3,00-0039603,British Brooks
HOU,RCB,1,00-0039343,Kamari Lassiter
HOU,RCB,2,00-0040149,Jaylin Smith
HOU,RDE,1,00-0031565,Danielle Hunter
HOU,RDE,2,00-0031364,Jadeveon Clowney
HOU,RDE,3,00-0037082,Dominique Robinson
HOU,RDE,4,00-0038724,Ali Gaye
HOU,RDT,1,00-0032759,Sheldon Rankins
HOU,RDT,2,00-0041440,Kayden McDonald
HOU,RDT,3,00-0040229,Kyonte Hamilton
HOU,RG,1,00-0038131,Ed Ingram
HOU,RG,2,00-0041559,Febechi Nwaiwu
HOU,RT,1,00-0032071,Trent Brown
HOU,RT,2,00-0039422,Nate Thomas
HOU,RT,3,00-0034836,Braden Smith
HOU,RT,4,00-0041303,Sam Hagen
HOU,SLB,1,00-0037457,Jake Hansen
HOU,SLB,2,00-0034987,E.J. Speed
HOU,SS,1,00-0037130,Reed Blankenship
HOU,SS,2,00-0034355,M.J. Stewart
HOU,SS,3,00-0037661,Ja'Marcus Ingram
HOU,TE,1,00-0034383,Dalton Schultz
HOU,TE,2,00-0034981,Foster Moreau
HOU,TE,3,00-0039359,Cade Stover
HOU,TE,4,00-0041472,Marlin Klein
HOU,TE,5,00-0036556,Brevin Jordan
HOU,WLB,1,00-0038599,Henry To'oTo'o
HOU,WLB,2,00-0041449,Aiden Fisher
HOU,WR_SLOT,1,00-0040138,Jaylin Noel
HOU,WR_SLOT,2,00-0038977,Tank Dell
HOU,WR_X,1,00-0036554,Nico Collins
HOU,WR_X,2,00-0038608,Kayshon Boutte
HOU,WR_X,3,00-0040130,Jayden Higgins
HOU,WR_Z,1,00-0038618,Xavier Hutchinson
HOU,WR_Z,2,00-0038728,Jared Wayne
IND,C,1,00-0039744,Tanor Bortolini
IND,C,2,00-0039876,Sedrick Van Pran-Granger
IND,FS,1,00-0036629,Cam Bynum
IND,FS,2,00-0034485,Jonathan Owens
IND,H,1,00-0033269,Rigoberto Sanchez
IND,K,1,00-0039576,Spencer Shrader
IND,KR,1,00-0041132,Deion Burks
IND,KR,2,00-0041125,Seth McGowan
IND,KR,3,00-0035021,Ashton Dulin
IND,KR,4,00-0040179,DJ Giddens
IND,KR,5,00-0040352,Coleman Owen
IND,LCB,1,00-0037190,Sauce Gardner
IND,LCB,2,00-0038407,Jaylon Jones
IND,LDE,1,00-0034825,Arden Key
IND,LDE,2,00-0040744,Jaylahn Tuimoloau
IND,LDE,3,00-0041080,George Gumbs Jr.
IND,LDT,1,00-0033952,Grover Stewart
IND,LDT,2,00-0035674,Jerry Tillery
IND,LDT,3,00-0040207,Tim Smith
IND,LG,1,00-0034342,Quenton Nelson
IND,LG,2,00-0039578,Dalton Tucker
IND,LS,1,00-0032753,Luke Rhodes
IND,LT,1,00-0037757,Bernhard Raimann
IND,MLB,1,00-0041039,CJ Allen
IND,MLB,2,00-0039178,Austin Ajiake
IND,NB,1,00-0040139,Justin Walley
IND,NB,2,00-0040928,Kapena Gushiken
IND,P,1,00-0033269,Rigoberto Sanchez
IND,PR,1,00-0035021,Ashton Dulin
IND,PR,2,00-0040352,Coleman Owen
IND,QB,1,00-0035710,Daniel Jones
IND,QB,2,00-0039164,Anthony Richardson Sr.
IND,QB,3,00-0040206,Riley Leonard
IND,RB,1,00-0036223,Jonathan Taylor
IND,RB,2,00-0041125,Seth McGowan
IND,RB,3,00-0040179,DJ Giddens
IND,RCB,1,00-0034573,Charvarius Ward
IND,RCB,2,00-0037753,Cam Taylor-Britt
IND,RCB,3,00-0040347,Johnathan Edwards
IND,RCB,4,00-0038585,Cameron Mitchell
IND,RDE,1,00-0039340,Laiatu Latu
IND,RDE,2,00-0038107,Micheal Clemons
IND,RDE,3,00-0041111,Caden Curry
IND,RDT,1,00-0032378,DeForest Buckner
IND,RDT,2,00-0039031,Adetomiwa Adebawore
IND,RG,1,00-0039736,Matt Goncalves
IND,RG,2,00-0041517,Jalen Farmer
IND,RT,1,00-0040163,Jalen Travis
IND,SLB,1,00-0041518,Bryce Boettcher
IND,SLB,2,00-0041227,Tahj Chambers
IND,SS,1,00-0041043,A.J. Haulcy
IND,SS,2,00-0040235,Hunter Wohler
IND,TE,1,00-0040128,Tyler Warren
IND,TE,2,00-0033217,Mo Alie-Cox
IND,TE,3,00-0037292,Drew Ogletree
IND,TE,4,00-0038394,Will Mallory
IND,TE,5,00-0040853,Carson Towt
IND,WLB,1,00-0036298,Akeem Davis-Gaither
IND,WLB,2,00-0039377,Jaylon Carlies
IND,WR_SLOT,1,00-0030279,Keenan Allen
IND,WR_SLOT,2,00-0041132,Deion Burks
IND,WR_X,1,00-0037664,Alec Pierce
IND,WR_X,2,00-0035021,Ashton Dulin
IND,WR_X,3,00-0040352,Coleman Owen
IND,WR_Z,1,00-0038997,Josh Downs
IND,WR_Z,2,00-0032951,Laquon Treadwell
IND,WR_Z,3,00-0035045,D.J. Montgomery
JAX,C,1,00-0036985,Robert Hainsey
JAX,C,2,00-0040227,Jonah Monheim
JAX,C,3,00-0035062,Sam Mustipher
JAX,FS,1,00-0038596,Antonio Johnson
JAX,FS,2,00-0040145,Caleb Ransaw
JAX,H,1,00-0034437,Logan Cooke
JAX,K,1,00-0039409,Cam Little
JAX,KR,1,00-0040719,Bhayshul Tuten
JAX,KR,2,00-0040238,LeQuint Allen Jr.
JAX,KR,3,00-0041100,Josh Cameron
JAX,LCB,1,00-0040718,Travis Hunter
JAX,LDE,1,00-0037235,Travon Walker
JAX,LDE,2,00-0034473,Dennis Gardeck
JAX,LDE,3,00-0040329,B.J. Green II
JAX,LDT,1,00-0032164,Arik Armstead
JAX,LDT,2,00-0039733,Ruke Orhorhoro
JAX,LDT,3,00-0034657,Matt Dickerson
JAX,LG,1,00-0041050,Emmanuel Pregnon
JAX,LG,2,00-0036327,Ezra Cleveland
JAX,LG,3,00-0041208,Garrett DiGiorgio
JAX,LS,1,00-0035827,Ross Matiscik
JAX,LT,1,00-0038934,Anton Harrison
JAX,LT,2,00-0036655,Cole Van Lanen
JAX,MLB,1,00-0038570,Ventrell Miller
JAX,MLB,2,00-0035240,Jahlani Tavai
JAX,MLB,3,00-0041127,Parker Hughes
JAX,NB,1,00-0033928,Jourdan Lewis
JAX,NB,2,00-0039353,Jarrian Jones
JAX,P,1,00-0034437,Logan Cooke
JAX,PR,1,00-0038606,Parker Washington
JAX,PR,2,00-0041100,Josh Cameron
JAX,QB,1,00-0036971,Trevor Lawrence
JAX,QB,2,00-0040234,Quinn Ewers
JAX,QB,3,00-0039534,Carter Bradley
JAX,RB,1,00-0040719,Bhayshul Tuten
JAX,RB,2,00-0038611,Chris Rodriguez Jr.
JAX,RB,3,00-0040238,LeQuint Allen Jr.
JAX,RB,4,00-0032104,Ameer Abdullah
JAX,RCB,1,00-0037313,Montaric Brown
JAX,RCB,2,00-0038616,Christian Braswell
JAX,RDE,1,00-0035642,Josh Hines-Allen
JAX,RDE,2,00-0041059,Wesley Williams
JAX,RDE,3,00-0040342,Danny Striggow
JAX,RDE,4,00-0041218,Bryan Thomas Jr.
JAX,RDE,5,00-0041122,Zach Durfee
JAX,RDT,1,00-0036262,DaVon Hamilton
JAX,RDT,2,00-0041045,Albert Regis
JAX,RG,1,00-0036327,Ezra Cleveland
JAX,RG,2,00-0038118,Daniel Faalele
JAX,RG,3,00-0040146,Wyatt Milum
JAX,RG,4,00-0035112,Patrick Mekari
JAX,RT,1,00-0036975,Walker Little
JAX,SLB,1,00-0040395,Jared Bartlett
JAX,SS,1,00-0033038,Eric Murray
JAX,SS,2,00-0040213,Rayuan Lane III
JAX,SS,3,00-0041055,Jalen Huskey
JAX,TE,1,00-0038935,Brenton Strange
JAX,TE,2,00-0041503,Nate Boerkircher
JAX,TE,3,00-0041084,Tanner Koziol
JAX,TE,4,00-0036590,Quintin Morris
JAX,WLB,1,00-0034413,Foyesade Oluokun
JAX,WLB,2,00-0040326,Branson Combs
JAX,WR_SLOT,1,00-0034960,Jakobi Meyers
JAX,WR_SLOT,2,00-0041106,CJ Williams
JAX,WR_X,1,00-0039893,Brian Thomas Jr.
JAX,WR_X,2,00-0040718,Travis Hunter
JAX,WR_Z,1,00-0038606,Parker Washington
JAX,WR_Z,2,00-0041100,Josh Cameron
KC,C,1,00-0036623,Creed Humphrey
KC,C,2,00-0039827,Hunter Nourzad
KC,FS,1,00-0036380,Alohi Gilman
KC,FS,2,00-0040957,Xavier Nwankpa
KC,H,1,00-0037284,Matt Araiza
KC,K,1,00-0033303,Harrison Butker
KC,KR,1,00-0038519,Nikko Remigio
KC,KR,2,00-0040078,Brashard Smith
KC,KR,3,00-0039894,Xavier Worthy
KC,KR,4,00-0041013,Emmett Johnson
KC,LCB,1,00-0036374,L'Jarius Sneed
KC,LCB,2,00-0040670,Nohl Williams
KC,LDE,1,00-0037192,George Karlaftis
KC,LDE,2,00-0040640,Ashton Gillotte
KC,LDE,3,00-0040328,Ethan Downs
KC,LDT,1,00-0032762,Chris Jones
KC,LDT,2,00-0041545,Peter Woods
KC,LDT,3,00-0041358,Bryson Eason
KC,LG,1,00-0039844,Kingsley Suamataia
KC,LG,2,00-0037207,Mike Caliendo
KC,LG,3,00-0037807,Joshua Ezeudu
KC,LS,1,00-0030615,James Winchester
KC,LT,1,00-0040116,Josh Simmons
KC,LT,2,00-0036557,Jaylon Moore
KC,MLB,1,00-0036621,Nick Bolton
KC,MLB,2,00-0037208,Jack Cochrane
KC,NB,1,00-0041497,Jadon Canady
KC,NB,2,00-0039324,Chris Roland-Wallace
KC,P,1,00-0037284,Matt Araiza
KC,PR,1,00-0038519,Nikko Remigio
KC,PR,2,00-0040078,Brashard Smith
KC,PR,3,00-0038104,Tyquan Thornton
KC,QB,1,00-0033873,Patrick Mahomes
KC,QB,2,00-0036945,Justin Fields
KC,QB,3,00-0040906,Garrett Nussmeier
KC,RB,1,00-0038134,Kenneth Walker III
KC,RB,2,00-0041013,Emmett Johnson
KC,RB,3,00-0040078,Brashard Smith
KC,RCB,1,00-0041543,Mansoor Delane
KC,RCB,2,00-0036416,Kristian Fulton
KC,RDE,1,00-0039006,Felix Anudike-Uzomah
KC,RDE,2,00-0041501,R Mason Thomas
KC,RDE,3,00-0040118,Cooper McDonald
KC,RDE,4,00-0041256,Jack Pyburn
KC,RDT,1,00-0036909,Khyiris Tonga
KC,RDT,2,00-0040748,Omarr Norman-Lott
KC,RG,1,00-0036660,Trey Smith
KC,RG,2,00-0037207,Mike Caliendo
KC,RG,3,00-0037266,Matt Waletzko
KC,RT,1,00-0041019,Kahlil Benson
KC,RT,2,00-0036557,Jaylon Moore
KC,RT,3,00-0040987,Diego Pounds
KC,SLB,1,00-0040072,Jeffrey Bassa
KC,SS,1,00-0038982,Chamarri Conner
KC,SS,2,00-0039825,Jaden Hicks
KC,TE,1,00-0030506,Travis Kelce
KC,TE,2,00-0036637,Noah Gray
KC,TE,3,00-0039824,Jared Wiley
KC,TE,4,00-0040081,Jake Briningstool
KC,TE,5,00-0040955,John Michael Gyllenborg
KC,WLB,1,00-0035262,Drue Tranquill
KC,WR_SLOT,1,00-0038104,Tyquan Thornton
KC,WR_SLOT,2,00-0038519,Nikko Remigio
KC,WR_X,1,00-0039067,Rashee Rice
KC,WR_X,2,00-0040646,Jalen Royals
KC,WR_X,3,00-0040953,Jeff Caldwell
KC,WR_Z,1,00-0039894,Xavier Worthy
KC,WR_Z,2,00-0040890,Cyrus Allen
KC,WR_Z,3,00-0040120,Jimmy Holiday
LA,C,1,00-0034114,Coleman Shelton
LA,C,2,00-0039830,Dylan McMahon
LA,FS,1,00-0036349,Kam Curl
LA,FS,2,00-0039506,Alex Johnson
LA,H,1,00-0039059,Ethan Evans
LA,K,1,00-0039498,Harrison Mevis
LA,KR,1,00-0039751,Jordan Whittington
LA,KR,2,00-0037557,Ronnie Rivers
LA,KR,3,00-0038359,Xavier Smith
LA,KR,4,00-0039738,Blake Corum
LA,LCB,1,00-0037195,Jaylen Watson
LA,LDE,1,00-0039138,Kobie Turner
LA,LDE,2,00-0039749,Tyler Davis
LA,LG,1,00-0039058,Steve Avila
LA,LG,2,00-0039753,Beaux Limmer
LA,LG,3,00-0036093,Bill Murray
LA,LILB,1,00-0037587,Nate Landman
LA,LILB,2,00-0036672,Grant Stuard
LA,LS,1,00-0032228,Joe Cardona
LA,LT,1,00-0036603,Alaric Jackson
LA,LT,2,00-0030097,David Quessenberry
LA,NB,1,00-0037841,Quentin Lake
LA,NB,2,00-0039772,Josh Wallace
LA,NT,1,00-0034234,Poona Ford
LA,NT,2,00-0040585,Ty Hamilton
LA,P,1,00-0039059,Ethan Evans
LA,PR,1,00-0038359,Xavier Smith
LA,PR,2,00-0037840,Kyren Williams
LA,QB,1,00-0026498,Matthew Stafford
LA,QB,2,00-0039107,Stetson Bennett IV
LA,QB,3,00-0041568,Ty Simpson
LA,QB,4,00-0041414,Matthew Caldwell
LA,RB,1,00-0037840,Kyren Williams
LA,RB,2,00-0039738,Blake Corum
LA,RB,3,00-0037557,Ronnie Rivers
LA,RCB,1,00-0037191,Trent McDuffie
LA,RCB,2,00-0039151,Emmanuel Forbes Jr.
LA,RDE,1,00-0031388,Aaron Donald
LA,RDE,2,00-0039734,Braden Fiske
LA,RG,1,00-0036339,Kevin Dotson
LA,RG,2,00-0039784,Justin Dedich
LA,RILB,1,00-0039774,Omar Speights
LA,RILB,2,00-0040613,Shaun Dolac
LA,RT,1,00-0039077,Warren McClendon Jr.
LA,RT,2,00-0041394,Keagen Trost
LA,SOLB,1,00-0033868,Myles Garrett
LA,SOLB,2,00-0039061,Desjuan Johnson
LA,SOLB,3,00-0037057,Keir Thomas II
LA,SS,1,00-0039834,Kamren Kinchens
LA,SS,2,00-0039776,Jaylen McCollough
LA,TE,1,00-0036244,Colby Parkinson
LA,TE,2,00-0033110,Tyler Higbee
LA,TE,3,00-0040737,Terrance Ferguson
LA,TE,4,00-0041510,Max Klare
LA,TE,5,00-0039074,Davis Allen
LA,WOLB,1,00-0039137,Byron Young
LA,WOLB,2,00-0040580,Josaiah Stewart
LA,WOLB,3,00-0041404,Wesley Bailey
LA,WOLB,4,00-0041429,Eddie Walls III
LA,WR_SLOT,1,00-0039751,Jordan Whittington
LA,WR_SLOT,2,00-0038359,Xavier Smith
LA,WR_X,1,00-0039075,Puka Nacua
LA,WR_X,2,00-0040590,Konata Mumpfield
LA,WR_X,3,00-0041399,CJ Daniels
LA,WR_Z,1,00-0031381,Davante Adams
LA,WR_Z,2,00-0036849,Tutu Atwell
LAC,C,1,00-0041392,Jake Slaughter
LAC,C,2,00-0041383,Jacob Spomer
LAC,C,3,00-0036376,Tyler Biadasz
LAC,FB,1,00-0035125,Alec Ingold
LAC,FB,2,00-0038614,Scott Matlock
LAC,FS,1,00-0036992,Elijah Molden
LAC,FS,2,00-0041064,Genesis Smith
LAC,FS,3,00-0040221,RJ Mickens
LAC,FS,4,00-0038414,Kendall Williamson
LAC,H,1,00-0034162,JK Scott
LAC,K,1,00-0037224,Cameron Dicker
LAC,KR,1,00-0038573,Derius Davis
LAC,KR,2,00-0038454,Keaton Mitchell
LAC,KR,3,00-0039391,Kimani Vidal
LAC,KR,4,00-0040184,KeAndre Lambert-Smith
LAC,LCB,1,00-0039369,Cam Hart
LAC,LCB,2,00-0041381,Rodney Shelley
LAC,LDE,1,00-0036181,Teair Tart
LAC,LDE,2,00-0041072,Nick Barrett
LAC,LG,1,00-0036736,Kayode Awosika
LAC,LG,2,00-0035688,Trey Pipkins III
LAC,LG,3,00-0041107,Alex Harkey
LAC,LILB,1,00-0038553,Daiyan Henley
LAC,LILB,2,00-0040460,Marlowe Wax
LAC,LS,1,00-0028845,Josh Harris
LAC,LT,1,00-0037009,Rashawn Slater
LAC,LT,2,00-0035688,Trey Pipkins III
LAC,LT,3,00-0041105,Logan Taylor
LAC,LT,4,00-0040212,Branson Taylor
LAC,LT,5,00-0041387,Isaiah World
LAC,NB,1,00-0039366,Tarheeb Still
LAC,NT,1,00-0033546,Dalvin Tomlinson
LAC,P,1,00-0034162,JK Scott
LAC,PR,1,00-0038573,Derius Davis
LAC,PR,2,00-0041550,Brenen Thompson
LAC,PR,3,00-0040184,KeAndre Lambert-Smith
LAC,PR,4,00-0039915,Ladd McConkey
LAC,QB,1,00-0036355,Justin Herbert
LAC,QB,2,00-0037012,Trey Lance
LAC,RB,1,00-0040666,Omarion Hampton
LAC,RB,2,00-0038454,Keaton Mitchell
LAC,RB,3,00-0039391,Kimani Vidal
LAC,RCB,1,00-0034356,Donte Jackson
LAC,RCB,2,00-0037320,Deane Leonard
LAC,RDE,1,00-0040144,Jamaree Caldwell
LAC,RDE,2,00-0039835,Justin Eboigbe
LAC,RG,1,00-0038103,Cole Strange
LAC,RG,2,00-0037241,Trevor Penning
LAC,RILB,1,00-0036338,Troy Dye
LAC,RILB,2,00-0035202,Del'Shawn Phillips
LAC,RILB,3,00-0032103,Denzel Perryman
LAC,RT,1,00-0039897,Joe Alt
LAC,RT,2,00-0041058,Travis Burke
LAC,SOLB,1,00-0031040,Khalil Mack
LAC,SOLB,2,00-0041544,Akheem Mesidor
LAC,SS,1,00-0034790,Derwin James Jr.
LAC,SS,2,00-0030294,Tony Jefferson
LAC,TE,1,00-0038046,Charlie Kolar
LAC,TE,2,00-0033885,David Njoku
LAC,TE,3,00-0040189,Oronde Gadsden
LAC,WOLB,1,00-0039111,Tuli Tuipulotu
LAC,WOLB,2,00-0032146,Bud Dupree
LAC,WR_SLOT,1,00-0040727,Tre' Harris
LAC,WR_SLOT,2,00-0038573,Derius Davis
LAC,WR_X,1,00-0039915,Ladd McConkey
LAC,WR_X,2,00-0041550,Brenen Thompson
LAC,WR_X,3,00-0040629,Dalevon Campbell
LAC,WR_Z,1,00-0038544,Quentin Johnston
LAC,WR_Z,2,00-0040184,KeAndre Lambert-Smith
LV,C,1,00-0037825,Tyler Linderbaum
LV,FB,1,00-0037304,Connor Heyward
LV,FS,1,00-0037512,Isaiah Pola-Mao
LV,FS,2,00-0040868,Treydan Stukes
LV,FS,3,00-0037461,Tristin McCollum
LV,H,1,00-0035190,AJ Cole
LV,K,1,00-0035269,Matt Gay
LV,KR,1,00-0038563,Tre Tucker
LV,KR,2,00-0039407,Dylan Laube
LV,LCB,1,00-0036901,Eric Stokes
LV,LCB,2,00-0038594,Darrell Luter Jr.
LV,LCB,3,00-0041563,Jermod McCoy
LV,LDE,1,00-0037262,Thomas Booker IV
LV,LDE,2,00-0034275,Folorunso Fatukasi
LV,LG,1,00-0037829,Spencer Burford
LV,LG,2,00-0040150,Caleb Rogers
LV,LILB,1,00-0037615,Nakobe Dean
LV,LILB,2,00-0039374,Tommy Eichenberg
LV,LILB,3,00-0037527,Segun Olubi
LV,LS,1,00-0038360,Alex Ward
LV,LT,1,00-0034759,Kolton Miller
LV,LT,2,00-0040151,Charles Grant
LV,NB,1,00-0034376,Taron Johnson
LV,NT,1,00-0033381,Adam Butler
LV,NT,2,00-0040199,JJ Pegues
LV,P,1,00-0035190,AJ Cole
LV,PR,1,00-0038563,Tre Tucker
LV,PR,2,00-0041563,Jermod McCoy
LV,PR,3,00-0037291,Jalen Nailor
LV,PR,4,00-0040894,Malik Benson
LV,QB,1,00-0029604,Kirk Cousins
LV,QB,2,00-0041562,Fernando Mendoza
LV,QB,3,00-0038579,Aidan O'Connell
LV,RB,1,00-0040122,Ashton Jeanty
LV,RB,2,00-0040878,Mike Washington Jr.
LV,RB,3,00-0039407,Dylan Laube
LV,RB,4,00-0039244,Chris Collier
LV,RCB,1,00-0040641,Darien Porter
LV,RCB,2,00-0040889,Hezekiah Masses
LV,RCB,3,00-0039676,Chigozie Anusiem
LV,RDE,1,00-0039423,Jonah Laulu
LV,RDE,2,00-0040169,Tonka Hemingway
LV,RG,1,00-0039735,Jackson Powers-Johnson
LV,RG,2,00-0038586,Atonio Mafi
LV,RG,3,00-0041003,Justin Pickett
LV,RILB,1,00-0037074,Quay Walker
LV,RILB,2,00-0040228,Cody Lindenberg
LV,RT,1,00-0039349,DJ Glaze
LV,RT,2,00-0040871,Trey Zuhn III
LV,RT,3,00-0038923,Dalton Wagner
LV,SOLB,1,00-0036479,Kwity Paye
LV,SOLB,2,00-0041553,Keyron Crawford
LV,SOLB,3,00-0039836,Brennan Jackson
LV,SS,1,00-0036293,Jeremy Chinn
LV,SS,2,00-0040883,Dalton Johnson
LV,TE,1,00-0039338,Brock Bowers
LV,TE,2,00-0039066,Michael Mayer
LV,TE,3,00-0034365,Ian Thomas
LV,TE,4,00-0040488,Carter Runyon
LV,WOLB,1,00-0034973,Maxx Crosby
LV,WOLB,2,00-0036989,Malcolm Koonce
LV,WOLB,3,00-0036922,Patrick Johnson
LV,WR_SLOT,1,00-0040729,Jack Bech
LV,WR_SLOT,2,00-0040581,Dont'e Thornton Jr.
LV,WR_X,1,00-0038563,Tre Tucker
LV,WR_X,2,00-0040894,Malik Benson
LV,WR_X,3,00-0038590,Justin Shorter
LV,WR_Z,1,00-0037291,Jalen Nailor
LV,WR_Z,2,00-0037093,Dareke Young
LV,WR_Z,3,00-0041005,Corey Rucker
MIA,C,1,00-0036171,Aaron Brewer
MIA,C,2,00-0039485,Andrew Meyer
MIA,FB,1,00-0041436,DJ Herman
MIA,FS,1,00-0041528,Michael Taaffe
MIA,FS,2,00-0036677,Zayne Anderson
MIA,FS,3,00-0039532,Julius Wood
MIA,H,1,00-0032065,Bradley Pinion
MIA,K,1,00-0036816,Riley Patterson
MIA,KR,1,00-0039880,Malik Washington
MIA,KR,2,00-0039874,Jaylen Wright
MIA,LCB,1,00-0040178,Jason Marshall Jr.
MIA,LCB,2,00-0037549,Darrell Baker Jr.
MIA,LDE,1,00-0039911,Chop Robinson
MIA,LDT,1,00-0031557,Jordan Phillips
MIA,LDT,2,00-0040127,Kenneth Grant
MIA,LDT,3,00-0041136,Rene Konga
MIA,LG,1,00-0041521,Kadyn Proctor
MIA,LG,2,00-0039832,Jarrett Kingston
MIA,LS,1,00-0037686,Tucker Addington
MIA,LT,1,00-0039899,Patrick Paul
MIA,MLB,1,00-0041522,Jacob Rodriguez
MIA,MLB,2,00-0040066,Jackson Woodard
MIA,NB,1,00-0041533,Chris Johnson
MIA,NB,2,00-0038521,Reese Taylor
MIA,P,1,00-0032065,Bradley Pinion
MIA,PR,1,00-0039880,Malik Washington
MIA,PR,2,00-0041529,Kevin Coleman Jr.
MIA,QB,1,00-0038128,Malik Willis
MIA,QB,2,00-0040014,Kyle McCord
MIA,QB,3,00-0040398,Brady Cook
MIA,RB,1,00-0039040,De'Von Achane
MIA,RB,2,00-0039874,Jaylen Wright
MIA,RB,3,00-0040198,Ollie Gordon II
MIA,RCB,1,00-0039156,JuJu Brents
MIA,RCB,2,00-0039390,Marcellas Dial Jr.
MIA,RCB,3,00-0039481,Storm Duck
MIA,RDE,1,00-0036159,Josh Uche
MIA,RDE,2,00-0038603,Robert Beal Jr.
MIA,RDE,3,00-0036682,Malik Herring
MIA,RDT,1,00-0034285,Zach Sieler
MIA,RDT,2,00-0040248,Zeek Biggers
MIA,RDT,3,00-0040655,Keith Cooper Jr.
MIA,RG,1,00-0040742,Jonah Savaiinaea
MIA,RG,2,00-0041530,DJ Campbell
MIA,RT,1,00-0036248,Austin Jackson
MIA,RT,2,00-0039863,Caedan Wallace
MIA,RT,3,00-0039174,Chukwuebuka Godrick
MIA,SLB,1,00-0036362,Willie Gay Jr.
MIA,SLB,2,00-0041526,Trey Moore
MIA,SS,1,00-0040182,Dante Trader Jr.
MIA,SS,2,00-0041527,Kyle Louis
MIA,TE,1,00-0037252,Greg Dulcich
MIA,TE,2,00-0041524,Will Kacmarek
MIA,TE,3,00-0041579,Seydou Traore
MIA,TE,4,00-0041077,Justin Joly
MIA,TE,5,00-0037078,Cole Turner
MIA,TE,6,00-0038809,Ben Sims
MIA,WLB,1,00-0036409,Jordyn Brooks
MIA,WLB,2,00-0034779,Ronnie Harrison Jr.
MIA,WR_SLOT,1,00-0041523,Caleb Douglas
MIA,WR_SLOT,2,00-0038824,Ryan Miller
MIA,WR_X,1,00-0039880,Malik Washington
MIA,WR_X,2,00-0041525,Chris Bell
MIA,WR_Z,1,00-0037666,Jalen Tolbert
MIA,WR_Z,2,00-0041529,Kevin Coleman Jr.
MIN,C,1,00-0036347,Blake Brandel
MIN,C,2,00-0039237,Nick Samac
MIN,C,3,00-0039419,Michael Jurgens
MIN,FB,1,00-0041081,Max Bredeson
MIN,FS,1,00-0029606,Harrison Smith
MIN,FS,2,00-0037301,Theo Jackson
MIN,FS,3,00-0041354,Jacob Thomas
MIN,FS,4,00-0041054,Jakobe Thomas
MIN,H,1,00-0041581,Brett Thorson
MIN,K,1,00-0039404,Will Reichard
MIN,KR,1,00-0040506,Myles Price
MIN,KR,2,00-0041104,Demond Claiborne
MIN,KR,3,00-0040154,Tai Felton
MIN,LCB,1,00-0041083,Charles Demmings
MIN,LDE,1,00-0039421,Levi Drake Rodriguez
MIN,LG,1,00-0040661,Donovan Jackson
MIN,LG,2,00-0040500,Joe Huber
MIN,LILB,1,00-0033336,Eric Wilson
MIN,LILB,2,00-0041495,Jake Golday
MIN,LS,1,00-0029714,Andrew DePaola
MIN,LT,1,00-0036616,Christian Darrisaw
MIN,LT,2,00-0037404,Ryan Van Demark
MIN,NB,1,00-0035236,Byron Murphy Jr.
MIN,NB,2,00-0041344,Tyreek Chappell
MIN,NT,1,00-0041033,Caleb Banks
MIN,NT,2,00-0041046,Domonique Orange
MIN,NT,3,00-0039720,Taki Taimani
MIN,P,1,00-0041581,Brett Thorson
MIN,PR,1,00-0040506,Myles Price
MIN,PR,2,00-0040154,Tai Felton
MIN,QB,1,00-0035228,Kyler Murray
MIN,QB,2,00-0039923,J.J. McCarthy
MIN,QB,3,00-0032950,Carson Wentz
MIN,RB,1,00-0033293,Aaron Jones Sr.
MIN,RB,2,00-0037525,Jordan Mason
MIN,RB,3,00-0041104,Demond Claiborne
MIN,RB,4,00-0036670,Jermar Jefferson
MIN,RCB,1,00-0035795,James Pierre
MIN,RCB,2,00-0040507,Zemaiah Vaughn
MIN,RDE,1,00-0038778,Jalen Redmond
MIN,RDE,2,00-0040173,Tyrion Ingram-Dawkins
MIN,RDE,3,00-0040624,Elijah Williams
MIN,RG,1,00-0036483,Will Fries
MIN,RG,2,00-0039310,Trevor Keegan
MIN,RILB,1,00-0035276,Blake Cashman
MIN,RILB,2,00-0038807,Ivan Pace Jr.
MIN,RILB,3,00-0033872,Jamal Adams
MIN,RT,1,00-0034158,Brian O'Neill
MIN,RT,2,00-0041053,Caleb Tiernan
MIN,SOLB,1,00-0039924,Dallas Turner
MIN,SOLB,2,00-0040496,Chaz Chambliss
MIN,SOLB,3,00-0040492,Tyler Batty
MIN,SS,1,00-0036348,Joshua Metellus
MIN,SS,2,00-0038578,Jay Ward
MIN,TE,1,00-0035229,T.J. Hockenson
MIN,TE,2,00-0035249,Josh Oliver
MIN,TE,3,00-0040509,Ben Yurosek
MIN,TE,4,00-0040215,Gavin Bartholomew
MIN,WOLB,1,00-0035272,Andrew Van Ginkel
MIN,WOLB,2,00-0039718,Bo Richter
MIN,WR_SLOT,1,00-0036259,Jauan Jennings
MIN,WR_SLOT,2,00-0039710,Jeshaun Jones
MIN,WR_X,1,00-0036322,Justin Jefferson
MIN,WR_X,2,00-0040154,Tai Felton
MIN,WR_Z,1,00-0038994,Jordan Addison
MIN,WR_Z,2,00-0040506,Myles Price
NE,C,1,00-0040147,Jared Wilson
NE,C,2,00-0037413,Ben Brown
NE,FB,1,00-0036187,Reggie Gilliam
NE,FS,1,00-0033132,Kevin Byard
NE,FS,2,00-0037205,Brenden Schooler
NE,H,1,00-0038610,Bryce Baringer
NE,K,1,00-0040200,Andy Borregales
NE,KR,1,00-0040131,Kyle Williams
NE,KR,2,00-0040563,Efton Chism III
NE,LCB,1,00-0034778,Carlton Davis III
NE,LDE,1,00-0036981,Christian Barmore
NE,LDE,2,00-0039289,Leonard Taylor III
NE,LG,1,00-0036979,Alijah Vera-Tucker
NE,LG,2,00-0029685,Greg Van Roten
NE,LILB,1,00-0036813,Christian Elliss
NE,LILB,2,00-0039829,Darius Muasau
NE,LILB,3,00-0041109,Namdi Obiazor
NE,LS,1,00-0040246,Julian Ashby
NE,LT,1,00-0040699,Will Campbell
NE,LT,2,00-0041103,Dametrious Crownover
NE,NB,1,00-0037253,Marcus Jones
NE,NB,2,00-0039770,Charles Woods
NE,NT,1,00-0038653,Cory Durden
NE,NT,2,00-0039644,Isaiah Iton
NE,P,1,00-0038610,Bryce Baringer
NE,PR,1,00-0037253,Marcus Jones
NE,PR,2,00-0038621,DeMario Douglas
NE,QB,1,00-0039851,Drake Maye
NE,QB,2,00-0038476,Tommy DeVito
NE,QB,3,00-0041123,Behren Morton
NE,RB,1,00-0036875,Rhamondre Stevenson
NE,RB,2,00-0040734,TreVeyon Henderson
NE,RB,3,00-0040556,Corey Kiner
NE,RB,4,00-0041323,Myles Montgomery
NE,RCB,1,00-0039147,Christian Gonzalez
NE,RCB,2,00-0041088,Karon Prunty
NE,RCB,3,00-0041316,Channing Canada
NE,RDE,1,00-0036916,Milton Williams
NE,RDE,2,00-0040171,Joshua Farmer
NE,RG,1,00-0036198,Mike Onwenu
NE,RG,2,00-0039828,Walter Rouse
NE,RILB,1,00-0034720,Robert Spillane
NE,RILB,2,00-0041455,Erick Hunter
NE,RILB,3,00-0041321,Khalil Jacobs
NE,RT,1,00-0031330,Morgan Moses
NE,RT,2,00-0041541,Caleb Lomu
NE,RT,3,00-0040226,Marcus Bryant
NE,SOLB,1,00-0035678,Dre'Mont Jones
NE,SOLB,2,00-0041569,Gabe Jacas
NE,SS,1,00-0040716,Craig Woodson
NE,SS,2,00-0039692,Dell Pettus
NE,SS,3,00-0040204,Jaylen Reed
NE,TE,1,00-0033090,Hunter Henry
NE,TE,2,00-0041395,Eli Raridon
NE,TE,3,00-0041314,Tanner Arkin
NE,TE,4,00-0038564,Cameron Latu
NE,TE,5,00-0038720,Julian Hill
NE,WOLB,1,00-0040574,Elijah Ponder
NE,WOLB,2,00-0041402,Quintayvious Hutchins
NE,WOLB,3,00-0034828,Harold Landry III
NE,WR_SLOT,1,00-0038621,DeMario Douglas
NE,WR_SLOT,2,00-0040563,Efton Chism III
NE,WR_X,1,00-0035676,A.J. Brown
NE,WR_X,2,00-0033555,Mack Hollins
NE,WR_X,3,00-0040570,Jeremiah Webb
NE,WR_Z,1,00-0037816,Romeo Doubs
NE,WR_Z,2,00-0040131,Kyle Williams
NO,C,1,00-0035242,Erik McCoy
NO,FS,1,00-0036253,Julian Blackmon
NO,FS,2,00-0040643,Jonas Sanker
NO,H,1,00-0037500,Ryan Wright
NO,K,1,00-0034161,Daniel Carlson
NO,KR,1,00-0041099,Barion Brown
NO,KR,2,00-0038551,Kendre Miller
NO,KR,3,00-0039623,Mason Tipton
NO,KR,4,00-0037276,Ty Chandler
NO,LCB,1,00-0039860,Kool-Aid McKinstry
NO,LCB,2,00-0040293,Michael Reid
NO,LCB,3,00-0039357,Decamerion Richardson
NO,LDE,1,00-0027962,Cameron Jordan
NO,LDE,2,00-0040642,Vernon Broughton
NO,LDE,3,00-0038541,Tyree Wilson
NO,LG,1,00-0035668,David Edwards
NO,LG,2,00-0036619,Dillon Radunz
NO,LG,3,00-0038566,Nick Saldiveri
NO,LILB,1,00-0035316,Kaden Elliss
NO,LILB,2,00-0039622,Isaiah Stalbird
NO,LS,1,00-0033063,Zach Wood
NO,LT,1,00-0040125,Kelvin Banks Jr.
NO,LT,2,00-0038601,Asim Richards
NO,NB,1,00-0040643,Jonas Sanker
NO,NB,2,00-0038588,Jordan Howden
NO,NB,3,00-0041089,Lorenzo Styles Jr.
NO,NT,1,00-0033860,Davon Godchaux
NO,NT,2,00-0034760,Nathan Shepherd
NO,NT,3,00-0041390,Christen Miller
NO,NT,4,00-0039401,Khristian Boyd
NO,P,1,00-0037500,Ryan Wright
NO,PR,1,00-0041099,Barion Brown
NO,PR,2,00-0039725,Jayden Price
NO,PR,3,00-0039623,Mason Tipton
NO,QB,1,00-0040743,Tyler Shough
NO,QB,2,00-0039376,Spencer Rattler
NO,QB,3,00-0037013,Zach Wilson
NO,RB,1,00-0036973,Travis Etienne Jr.
NO,RB,2,00-0033906,Alvin Kamara
NO,RB,3,00-0038551,Kendre Miller
NO,RB,4,00-0039373,Audric Estime
NO,RB,5,00-0037276,Ty Chandler
NO,RCB,1,00-0040166,Quincy Riley
NO,RCB,2,00-0037250,Martin Emerson Jr.
NO,RCB,3,00-0039725,Jayden Price
NO,RCB,4,00-0038781,Rejzohn Wright
NO,RCB,5,00-0035665,David Long Jr.
NO,RDE,1,00-0038387,Colby Wooden
NO,RDE,2,00-0037283,John Ridgeway III
NO,RDE,3,00-0038995,Bryan Bresee
NO,RG,1,00-0036408,Cesar Ruiz
NO,RG,2,00-0041065,Jeremiah Wright
NO,RG,3,00-0036535,William Sherman
NO,RILB,1,00-0036927,Pete Werner
NO,RILB,2,00-0040155,Danny Stutsman
NO,RILB,3,00-0039388,Jaylan Ford
NO,RT,1,00-0039339,Taliese Fuaga
NO,RT,2,00-0041173,Mason Murphy
NO,SOLB,1,00-0036321,Chase Young
NO,SOLB,2,00-0039425,Myles Cole
NO,SS,1,00-0034361,Justin Reid
NO,TE,1,00-0036040,Juwan Johnson
NO,TE,2,00-0035644,Noah Fant
NO,TE,3,00-0041041,Oscar Delp
NO,TE,4,00-0040244,Moliki Matavao
NO,WOLB,1,00-0035402,Carl Granderson
NO,WOLB,2,00-0036193,Anfernee Jennings
NO,WOLB,3,00-0036867,Chris Rumph II
NO,WR_SLOT,1,00-0041067,Bryce Lance
NO,WR_SLOT,2,00-0039623,Mason Tipton
NO,WR_X,1,00-0037239,Chris Olave
NO,WR_X,2,00-0041099,Barion Brown
NO,WR_Z,1,00-0039424,Devaughn Vele
NO,WR_Z,2,00-0041029,Jordyn Tyson
NYG,C,1,00-0039019,John Michael Schmitz Jr.
NYG,C,2,00-0039446,Bryan Hudson
NYG,FB,1,00-0033376,Patrick Ricard
NYG,FS,1,00-0036998,Jevon Holland
NYG,FS,2,00-0034248,Elijah Campbell
NYG,H,1,00-0038094,Jordan Stout
NYG,K,1,00-0041145,Dominic Zvada
NYG,KR,1,00-0039000,Deonte Banks
NYG,KR,2,00-0039384,Tyrone Tracy Jr.
NYG,KR,3,00-0035250,Devin Singletary
NYG,LCB,1,00-0036937,Paulson Adebo
NYG,LCB,2,00-0041462,Colton Hood
NYG,LCB,3,00-0040243,Korie Black
NYG,LCB,4,00-0041142,Thaddeus Dixon
NYG,LDE,1,00-0031270,Shelby Harris
NYG,LDE,2,00-0039176,CJ Okoye
NYG,LDE,3,00-0032667,Roy Robertson-Harris
NYG,LG,1,00-0036246,Jon Runyan
NYG,LG,2,00-0034668,Aaron Stinnie
NYG,LILB,1,00-0041509,Arvell Reese
NYG,LILB,2,00-0041102,Jack Kelly
NYG,LS,1,00-0041143,Ben Mann
NYG,LT,1,00-0036386,Andrew Thomas
NYG,LT,2,00-0041101,J.C. Davis
NYG,NB,1,00-0039821,Dru Phillips
NYG,NB,2,00-0036587,Ar'Darius Washington
NYG,NB,3,00-0038986,Nic Jones
NYG,NT,1,00-0032424,DJ Reader
NYG,NT,2,00-0041095,Bobby Jamison-Travis
NYG,P,1,00-0038094,Jordan Stout
NYG,PR,1,00-0036998,Jevon Holland
NYG,PR,2,00-0037837,Calvin Austin III
NYG,PR,3,00-0035645,Gunner Olszewski
NYG,QB,1,00-0040691,Jaxson Dart
NYG,QB,2,00-0031503,Jameis Winston
NYG,RB,1,00-0040715,Cam Skattebo
NYG,RB,2,00-0039384,Tyrone Tracy Jr.
NYG,RB,3,00-0036893,Najee Harris
NYG,RB,4,00-0035250,Devin Singletary
NYG,RCB,1,00-0036996,Greg Newsome II
NYG,RCB,2,00-0039000,Deonte Banks
NYG,RCB,3,00-0039620,Rico Payton
NYG,RCB,4,00-0038401,Jarrick Bernard-Converse
NYG,RDE,1,00-0040694,Darius Alexander
NYG,RG,1,00-0041505,Francis Mauigoa
NYG,RILB,1,00-0034673,Tremaine Edmunds
NYG,RILB,2,00-0037259,Micah McFadden
NYG,RILB,3,00-0038399,Zaire Barnes
NYG,RT,1,00-0033290,Jermaine Eluemunor
NYG,RT,2,00-0040181,Marcus Mbow
NYG,SOLB,1,00-0040677,Abdul Carter
NYG,SOLB,2,00-0037611,Kayvon Thibodeaux
NYG,SS,1,00-0039861,Tyler Nubin
NYG,SS,2,00-0036502,Jason Pinnock
NYG,TE,1,00-0037838,Isaiah Likely
NYG,TE,2,00-0039847,Theo Johnson
NYG,TE,3,00-0040225,Thomas Fidone II
NYG,WOLB,1,00-0035713,Brian Burns
NYG,WOLB,2,00-0036982,Chauncey Golston
NYG,WR_SLOT,1,00-0041042,Malachi Fields
NYG,WR_SLOT,2,00-0035645,Gunner Olszewski
NYG,WR_X,1,00-0039337,Malik Nabers
NYG,WR_X,2,00-0031235,Odell Beckham Jr.
NYG,WR_Z,1,00-0036309,Darnell Mooney
NYG,WR_Z,2,00-0037837,Calvin Austin III
NYJ,C,1,00-0036622,Josh Myers
NYJ,C,2,00-0036604,Jordan Meredith
NYJ,FB,1,00-0034959,Andrew Beck
NYJ,FS,1,00-0034789,Minkah Fitzpatrick
NYJ,FS,2,00-0041120,VJ Payne
NYJ,H,1,00-0039634,Austin McNamara
NYJ,K,1,00-0038905,Blake Grupe
NYJ,KR,1,00-0036842,Kene Nwangwu
NYJ,KR,2,00-0039451,Isaiah Williams
NYJ,KR,3,00-0039798,Isaiah Davis
NYJ,LCB,1,00-0036986,Nahshon Wright
NYJ,LCB,2,00-0040133,Azareye'h Thomas
NYJ,LDE,1,00-0037083,Kingsley Enagbare
NYJ,LDE,2,00-0041026,David Bailey
NYJ,LDE,3,00-0037431,Kingsley Jonathan
NYJ,LDT,1,00-0039886,T'Vondre Sweat
NYJ,LDT,2,00-0041549,Darrell Jackson Jr.
NYJ,LG,1,00-0037255,Dylan Parham
NYJ,LG,2,00-0041097,Anez Cooper
NYJ,LS,1,00-0033260,Thomas Hennessy
NYJ,LT,1,00-0039790,Olu Fashanu
NYJ,LT,2,00-0038114,Max Mitchell
NYJ,MLB,1,00-0036500,Jamien Sherwood
NYJ,NB,1,00-0039372,Jarvis Brownlee Jr.
NYJ,NB,2,00-0041038,D'Angelo Ponds
NYJ,P,1,00-0039634,Austin McNamara
NYJ,PR,1,00-0039451,Isaiah Williams
NYJ,QB,1,00-0030565,Geno Smith
NYJ,QB,2,00-0041056,Cade Klubnik
NYJ,RB,1,00-0038120,Breece Hall
NYJ,RB,2,00-0039794,Braelon Allen
NYJ,RB,3,00-0039798,Isaiah Davis
NYJ,RB,4,00-0036842,Kene Nwangwu
NYJ,RB,5,00-0041239,Chip Trayanum
NYJ,RCB,1,00-0036987,Brandon Stephens
NYJ,RCB,2,00-0039789,Qwan'tez Stiggers
NYJ,RCB,3,00-0036885,Tre Brown
NYJ,RDE,1,00-0039142,Will McDonald IV
NYJ,RDE,2,00-0039284,Braiden McGregor
NYJ,RDE,3,00-0036902,Joseph Ossai
NYJ,RDE,4,00-0040196,Tyler Baron
NYJ,RDT,1,00-0034782,Harrison Phillips
NYJ,RDT,2,00-0033051,David Onyemata
NYJ,RDT,3,00-0039431,Jowon Briggs
NYJ,RG,1,00-0039145,Joe Tippmann
NYJ,RT,1,00-0040123,Armand Membou
NYJ,RT,2,00-0034768,Chukwuma Okorafor
NYJ,SLB,1,00-0040186,Kiko Mauigoa
NYJ,SLB,2,00-0039347,Trevin Wallace
NYJ,SS,1,00-0038123,Dane Belton
NYJ,SS,2,00-0036941,Andre Cisco
NYJ,SS,3,00-0040165,Malachi Moore
NYJ,TE,1,00-0040736,Mason Taylor
NYJ,TE,2,00-0041032,Kenyon Sadiq
NYJ,TE,3,00-0037805,Jeremy Ruckert
NYJ,TE,4,00-0037755,Jelani Woods
NYJ,WLB,1,00-0029607,Demario Davis
NYJ,WLB,2,00-0037526,Marcelino McCrary-Ball
NYJ,WR_SLOT,1,00-0041511,Omar Cooper Jr.
NYJ,WR_SLOT,2,00-0040582,Arian Smith
NYJ,WR_X,1,00-0037740,Garrett Wilson
NYJ,WR_X,2,00-0039451,Isaiah Williams
NYJ,WR_Z,1,00-0039890,Adonai Mitchell
NYJ,WR_Z,2,00-0033375,Tim Patrick
PHI,C,1,00-0038112,Cam Jurgens
PHI,C,2,00-0040587,Drew Kendall
PHI,C,3,00-0040631,Willie Lampkin
PHI,FS,1,00-0040749,Andrew Mukuba
PHI,FS,2,00-0039267,Andre' Sam
PHI,H,1,00-0036313,Braden Mann
PHI,K,1,00-0033787,Jake Elliott
PHI,KR,1,00-0039746,Will Shipley
PHI,KR,2,00-0038555,Tank Bigsby
PHI,LCB,1,00-0037079,Riq Woolen
PHI,LCB,2,00-0032580,Jonathan Jones
PHI,LCB,3,00-0040071,Mac McWilliams
PHI,LCB,4,00-0039072,Jakorian Bennett
PHI,LDE,1,00-0038386,Jalen Carter
PHI,LDE,2,00-0038978,Byron Young
PHI,LG,1,00-0037002,Landon Dickerson
PHI,LG,2,00-0040587,Drew Kendall
PHI,LG,3,00-0040897,Micah Morris
PHI,LILB,1,00-0036418,Zack Baun
PHI,LILB,2,00-0040013,Smael Mondon Jr.
PHI,LS,1,00-0040925,Rocco Underwood
PHI,LT,1,00-0034429,Jordan Mailata
PHI,LT,2,00-0041554,Markel Bell
PHI,NB,1,00-0039841,Cooper DeJean
PHI,NB,2,00-0036501,Michael Carter II
PHI,P,1,00-0036313,Braden Mann
PHI,PR,1,00-0040024,Darius Cooper
PHI,QB,1,00-0036389,Jalen Hurts
PHI,QB,2,00-0027973,Andy Dalton
PHI,QB,3,00-0038400,Tanner McKee
PHI,QB,4,00-0040891,Cole Payton
PHI,RB,1,00-0034844,Saquon Barkley
PHI,RB,2,00-0038555,Tank Bigsby
PHI,RB,3,00-0039746,Will Shipley
PHI,RCB,1,00-0039888,Quinyon Mitchell
PHI,RCB,2,00-0039140,Kelee Ringo
PHI,RDE,1,00-0038412,Moro Ojomo
PHI,RDE,2,00-0040662,Ty Robinson
PHI,RG,1,00-0039001,Tyler Steen
PHI,RILB,1,00-0040708,Jihaad Campbell
PHI,RILB,2,00-0039826,Jeremiah Trotter Jr.
PHI,RT,1,00-0030561,Lane Johnson
PHI,RT,2,00-0034951,Fred Johnson
PHI,RT,3,00-0041554,Markel Bell
PHI,SOLB,1,00-0036224,Jonathan Greenard
PHI,SOLB,2,00-0039740,Jalyx Hunt
PHI,SOLB,3,00-0036192,AJ Epenesa
PHI,SS,1,00-0034993,Marcus Epps
PHI,SS,2,00-0039841,Cooper DeJean
PHI,SS,3,00-0040929,Tucker Large
PHI,TE,1,00-0034351,Dallas Goedert
PHI,TE,2,00-0033246,Johnny Mundt
PHI,TE,3,00-0041483,Eli Stowers
PHI,TE,4,00-0038498,E.J. Jenkins
PHI,TE,5,00-0037086,Grant Calcaterra
PHI,WOLB,1,00-0039013,Nolan Smith Jr.
PHI,WOLB,2,00-0038116,Arnold Ebiketie
PHI,WR_SLOT,1,00-0040867,Makai Lemon
PHI,WR_SLOT,2,00-0040024,Darius Cooper
PHI,WR_X,1,00-0036912,DeVonta Smith
PHI,WR_X,2,00-0035662,Hollywood Brown
PHI,WR_X,3,00-0039236,Johnny Wilson
PHI,WR_Z,1,00-0038393,Dontayvion Wicks
PHI,WR_Z,2,00-0036980,Elijah Moore
PIT,C,1,00-0039896,Zach Frazier
PIT,C,2,00-0036783,Ryan McCollum
PIT,FB,1,00-0041398,Riley Nowakowski
PIT,FS,1,00-0038135,Jaquan Brisker
PIT,H,1,00-0033729,Cameron Johnston
PIT,K,1,00-0031136,Chris Boswell
PIT,KR,1,00-0041397,Kaden Wetjen
PIT,KR,2,00-0037228,Jaylen Warren
PIT,KR,3,00-0036139,Rico Dowdle
PIT,KR,4,00-0040232,Donte Kent
PIT,LCB,1,00-0039167,Joey Porter Jr.
PIT,LCB,2,00-0036617,Asante Samuel Jr.
PIT,LDE,1,00-0040678,Derrick Harmon
PIT,LDE,2,00-0041261,Kevin Jobity Jr.
PIT,LG,1,00-0039358,Mason McCormick
PIT,LG,2,00-0041396,Gennings Dunker
PIT,LILB,1,00-0039741,Payton Wilson
PIT,LILB,2,00-0035286,Cole Holcomb
PIT,LS,1,00-0034051,Christian Kuntz
PIT,LT,1,00-0039871,Troy Fautanu
PIT,LT,2,00-0036396,Jack Driscoll
PIT,NB,1,00-0033055,Jalen Ramsey
PIT,NB,2,00-0036504,Brandin Echols
PIT,NB,3,00-0040232,Donte Kent
PIT,NT,1,00-0039110,Keeanu Benton
PIT,NT,2,00-0040188,Yahya Black
PIT,NT,3,00-0034810,Sebastian Joseph-Day
PIT,P,1,00-0033729,Cameron Johnston
PIT,PR,1,00-0041397,Kaden Wetjen
PIT,PR,2,00-0036139,Rico Dowdle
PIT,PR,3,00-0040232,Donte Kent
PIT,QB,1,00-0023459,Aaron Rodgers
PIT,QB,2,00-0034771,Mason Rudolph
PIT,QB,3,00-0040203,Will Howard
PIT,QB,4,00-0041565,Drew Allar
PIT,RB,1,00-0037228,Jaylen Warren
PIT,RB,2,00-0036139,Rico Dowdle
PIT,RB,3,00-0041490,Eli Heidenreich
PIT,RCB,1,00-0035699,Jamel Dean
PIT,RCB,2,00-0041393,Daylen Everette
PIT,RCB,3,00-0039883,Daequan Hardy
PIT,RDE,1,00-0027969,Cameron Heyward
PIT,RDE,2,00-0039389,Logan Lee
PIT,RG,1,00-0038645,Spencer Anderson
PIT,RG,2,00-0037336,Brock Hoffman
PIT,RILB,1,00-0036323,Patrick Queen
PIT,RILB,2,00-0040231,Carson Bruener
PIT,RT,1,00-0037480,Dylan Cook
PIT,RT,2,00-0041482,Max Iheanachor
PIT,SOLB,1,00-0036333,Alex Highsmith
PIT,SOLB,2,00-0040160,Jack Sawyer
PIT,SS,1,00-0033941,Rayshawn Jenkins
PIT,SS,2,00-0034277,DeShon Elliott
PIT,TE,1,00-0036894,Pat Freiermuth
PIT,TE,2,00-0038558,Darnell Washington
PIT,TE,3,00-0033757,Robert Tonyan
PIT,WOLB,1,00-0033886,T.J. Watt
PIT,WOLB,2,00-0038577,Nick Herbig
PIT,WR_SLOT,1,00-0039739,Roman Wilson
PIT,WR_SLOT,2,00-0041397,Kaden Wetjen
PIT,WR_X,1,00-0035640,DK Metcalf
PIT,WR_X,2,00-0041489,Germie Bernard
PIT,WR_X,3,00-0039626,Cole Burgess
PIT,WR_Z,1,00-0036252,Michael Pittman Jr.
PIT,WR_Z,2,00-0036862,Ben Skowronek
SEA,C,1,00-0039926,Jalen Sundell
SEA,C,2,00-0038593,Olu Oluwatimi
SEA,FB,1,00-0038488,Brady Russell
SEA,FB,2,00-0040649,Robbie Ouzts
SEA,FS,1,00-0034974,Julian Love
SEA,H,1,00-0034160,Michael Dickson
SEA,K,1,00-0031492,Jason Myers
SEA,KR,1,00-0037545,Rashid Shaheed
SEA,KR,2,00-0041512,Jadarian Price
SEA,KR,3,00-0039299,George Holani
SEA,LCB,1,00-0039169,Devon Witherspoon
SEA,LCB,2,00-0039795,Nehemiah Pritchett
SEA,LDE,1,00-0031933,Leonard Williams
SEA,LDE,2,00-0038591,Mike Morris
SEA,LG,1,00-0040639,Grey Zabel
SEA,LG,2,00-0040882,Beau Stephens
SEA,LG,3,00-0040652,Mason Richman
SEA,LILB,1,00-0038922,Drake Thomas
SEA,LILB,2,00-0039815,Tyrice Knight
SEA,LILB,3,00-0037003,Chazz Surratt
SEA,LS,1,00-0038769,Chris Stoll
SEA,LT,1,00-0037821,Charles Cross
SEA,LT,2,00-0036363,Josh Jones
SEA,NB,1,00-0040733,Nick Emmanwori
SEA,NT,1,00-0039309,Byron Murphy II
SEA,NT,2,00-0038694,Brandon Pili
SEA,P,1,00-0034160,Michael Dickson
SEA,PR,1,00-0037545,Rashid Shaheed
SEA,PR,2,00-0040648,Tory Horton
SEA,QB,1,00-0034869,Sam Darnold
SEA,QB,2,00-0035704,Drew Lock
SEA,QB,3,00-0040673,Jalen Milroe
SEA,RB,1,00-0041512,Jadarian Price
SEA,RB,2,00-0039299,George Holani
SEA,RB,3,00-0038797,Emanuel Wilson
SEA,RB,4,00-0039165,Zach Charbonnet
SEA,RCB,1,00-0037137,Josh Jobe
SEA,RCB,2,00-0040873,Julian Neal
SEA,RCB,3,00-0041382,Avery Smith
SEA,RCB,4,00-0039903,Terrion Arnold
SEA,RDE,1,00-0032387,Jarran Reed
SEA,RDE,2,00-0040647,Rylie Mills
SEA,RG,1,00-0039020,Anthony Bradford
SEA,RG,2,00-0039839,Christian Haynes
SEA,RG,3,00-0040650,Bryce Cabeldue
SEA,RILB,1,00-0036994,Ernest Jones IV
SEA,RILB,2,00-0038764,Patrick O'Connell
SEA,RT,1,00-0037812,Abraham Lucas
SEA,SOLB,1,00-0034350,Uchenna Nwosu
SEA,SOLB,2,00-0039047,Derick Hall
SEA,SOLB,3,00-0040061,Connor O'Toole
SEA,SS,1,00-0038765,Ty Okada
SEA,SS,2,00-0041463,Bud Clark
SEA,TE,1,00-0039793,AJ Barner
SEA,TE,2,00-0033576,Eric Saubert
SEA,TE,3,00-0040739,Elijah Arroyo
SEA,TE,4,00-0040058,Nick Kallerup
SEA,WOLB,1,00-0031411,DeMarcus Lawrence
SEA,WOLB,2,00-0032052,Dante Fowler Jr.
SEA,WR_SLOT,1,00-0033908,Cooper Kupp
SEA,WR_SLOT,2,00-0037156,Irv Charles
SEA,WR_X,1,00-0038543,Jaxon Smith-Njigba
SEA,WR_X,2,00-0040648,Tory Horton
SEA,WR_X,3,00-0038752,Jake Bobo
SEA,WR_Z,1,00-0037545,Rashid Shaheed
SEA,WR_Z,2,00-0040621,Montorie Foster Jr.
SF,C,1,00-0032701,Jake Brendel
SF,C,2,00-0038615,Jarrett Patterson
SF,C,3,00-0035743,Brett Toth
SF,FB,1,00-0029892,Kyle Juszczyk
SF,FS,1,00-0038554,Ji'Ayir Brown
SF,FS,2,00-0034391,Siran Neal
SF,FS,3,00-0036638,Darrick Forrest
SF,H,1,00-0035821,Corliss Waitman
SF,K,1,00-0034173,Eddy Pineiro
SF,KR,1,00-0035719,Deebo Samuel
SF,KR,2,00-0039365,Jacob Cowing
SF,KR,3,00-0039363,Isaac Guerendo
SF,LCB,1,00-0039345,Renardo Green
SF,LCB,2,00-0038039,Jack Jones
SF,LDE,1,00-0040711,C.J. West
SF,LDE,2,THO581952,James Thompson Jr.
SF,LG,1,00-0040245,Connor Colby
SF,LG,2,00-0041061,Carver Willis
SF,LG,3,00-0037831,Nick Zakelj
SF,LILB,1,00-0034982,Dre Greenlaw
SF,LILB,2,00-0036844,Garret Wallow
SF,LILB,3,00-0035413,Luke Gifford
SF,LILB,4,00-0040135,Nick Martin
SF,LS,1,00-0027224,Jon Weeks
SF,LT,1,00-0027857,Trent Williams
SF,LT,2,00-0037287,Vederian Lowe
SF,LT,3,00-0041090,Enrique Cruz Jr.
SF,LT,4,00-0035829,Austen Pleasants
SF,NB,1,00-0040152,Upton Stout
SF,NT,1,00-0040721,Alfred Collins
SF,P,1,00-0035821,Corliss Waitman
SF,PR,1,00-0039365,Jacob Cowing
SF,PR,2,00-0040172,Jordan Watkins
SF,PR,3,00-0039916,Ricky Pearsall
SF,QB,1,00-0037834,Brock Purdy
SF,QB,2,00-0036972,Mac Jones
SF,QB,3,00-0040589,Kurtis Rourke
SF,RB,1,00-0033280,Christian McCaffrey
SF,RB,2,00-0041052,Kaelon Black
SF,RB,3,00-0040177,Jordan James
SF,RB,4,00-0039363,Isaac Guerendo
SF,RCB,1,00-0036563,Deommodore Lenoir
SF,RCB,2,00-0041068,Ephesians Prysock
SF,RCB,3,00-0036871,Nate Hobbs
SF,RDE,1,00-0036942,Osa Odighizuwa
SF,RDE,2,00-0041557,Gracen Halton
SF,RG,1,00-0039351,Dominick Puni
SF,RILB,1,00-0034815,Fred Warner
SF,RILB,2,00-0039435,Tatum Bethune
SF,RILB,3,00-0041078,Jaden Dugger
SF,RT,1,00-0036256,Colton McKivitz
SF,SOLB,1,00-0039148,Keion White
SF,SOLB,2,00-0036341,Khalid Kareem
SF,SOLB,3,00-0037602,Sam Okuayinonu
SF,SOLB,4,00-0040660,Mykel Williams
SF,SS,1,00-0039360,Malik Mustapha
SF,SS,2,00-0040185,Marques Sigle
SF,SS,3,00-0036329,Ashtyn Davis
SF,TE,1,00-0033288,George Kittle
SF,TE,2,00-0037112,Jake Tonges
SF,TE,3,00-0036887,Luke Farrell
SF,WOLB,1,00-0035717,Nick Bosa
SF,WOLB,2,00-0041556,Romello Height
SF,WOLB,3,00-0038865,Andrew Farmer II
SF,WOLB,4,00-0041360,Mikail Kamara
SF,WR_SLOT,1,00-0041035,De'Zhaun Stribling
SF,WR_SLOT,2,00-0039365,Jacob Cowing
SF,WR_SLOT,3,00-0039916,Ricky Pearsall
SF,WR_X,1,00-0031408,Mike Evans
SF,WR_X,2,00-0032775,Demarcus Robinson
SF,WR_X,3,00-0034775,Christian Kirk
SF,WR_Z,1,00-0035719,Deebo Samuel
SF,WR_Z,2,00-0040172,Jordan Watkins
SF,WR_Z,3,00-0036261,Brandon Aiyuk
TB,C,1,00-0039905,Graham Barton
TB,C,2,00-0033910,Dan Feeney
TB,FS,1,00-0036411,Antoine Winfield Jr.
TB,H,1,00-0032943,Riley Dixon
TB,K,1,00-0035358,Chase McLaughlin
TB,KR,1,00-0036919,Kenny Gainwell
TB,KR,2,00-0039589,Kameron Johnson
TB,KR,3,00-0038951,Sean Tucker
TB,LCB,1,00-0037268,Zyon McCollum
TB,LDE,1,00-0040183,Elijah Roberts
TB,LDE,2,00-0039063,Calijah Kancey
TB,LDE,3,00-0041339,Deshawn McKnight
TB,LG,1,00-0036132,Ben Bredeson
TB,LG,2,00-0041082,Billy Schrauth
TB,LILB,1,00-0033914,Alex Anzalone
TB,LILB,2,00-0039049,SirVocea Dennis
TB,LS,1,00-0038817,Evan Deckers
TB,LT,1,00-0036406,Tristan Wirfs
TB,LT,2,00-0040417,Benjamin Chukwuma
TB,NB,1,00-0040143,Jacob Parrish
TB,NB,2,00-0041057,Keionte Scott
TB,NB,3,00-0040089,Kevin Knowles
TB,NT,1,00-0034773,Vita Vea
TB,NT,2,00-0040384,Elijah Simmons
TB,NT,3,00-0041079,DeMonte Capehart
TB,P,1,00-0032943,Riley Dixon
TB,PR,1,00-0039589,Kameron Johnson
TB,PR,2,00-0040237,Tez Johnson
TB,QB,1,00-0034855,Baker Mayfield
TB,QB,2,00-0041251,Jalon Daniels
TB,RB,1,00-0039361,Bucky Irving
TB,RB,2,00-0036919,Kenny Gainwell
TB,RB,3,00-0038951,Sean Tucker
TB,RCB,1,00-0040747,Benjamin Morrison
TB,RCB,2,00-0041253,Ayden Garnes
TB,RCB,3,00-0039051,Josh Hayes
TB,RDE,1,00-0032889,A'Shawn Robinson
TB,RDE,2,00-0031957,Rakeem Nunez-Roches
TB,RG,1,00-0039157,Cody Mauch
TB,RG,2,00-0033910,Dan Feeney
TB,RG,3,00-0038818,Luke Haggard
TB,RILB,1,00-0041502,Josiah Trotter
TB,RILB,2,00-0035942,Christian Rozeboom
TB,RT,1,00-0037835,Luke Goedeke
TB,RT,2,00-0034989,Justin Skule
TB,SOLB,1,00-0039068,Yaya Diaby
TB,SOLB,2,00-0033964,Al-Quadin Muhammad
TB,SOLB,3,00-0039877,Mohamed Kamara
TB,SS,1,00-0039846,Tykee Smith
TB,SS,2,00-0032399,Miles Killebrew
TB,TE,1,00-0038129,Cade Otton
TB,TE,2,00-0039050,Payne Durham
TB,TE,3,00-0037311,Ko Kieft
TB,TE,4,00-0041094,Bauer Sharp
TB,WOLB,1,00-0041031,Rueben Bain Jr.
TB,WOLB,2,00-0035254,Anthony Nelson
TB,WOLB,3,00-0040158,David Walker
TB,WR_SLOT,1,00-0039855,Jalen McMillan
TB,WR_SLOT,2,00-0039589,Kameron Johnson
TB,WR_X,1,00-0040129,Emeka Egbuka
TB,WR_X,2,00-0041048,Ted Hurst III
TB,WR_X,3,00-0035359,David Sills V
TB,WR_Z,1,00-0033921,Chris Godwin Jr.
TB,WR_Z,2,00-0040237,Tez Johnson
TEN,C,1,00-0034112,Austin Schlottmann
TEN,C,2,00-0040893,Pat Coogan
TEN,FS,1,00-0040141,Kevin Winston Jr.
TEN,FS,2,00-0037155,Tony Adams
TEN,FS,3,00-0036421,Terrell Burgess
TEN,H,1,00-0035889,Tommy Townsend
TEN,K,1,00-0035192,Joey Slye
TEN,KR,1,00-0040705,Chimere Dike
TEN,KR,2,00-0037594,Julius Chestnut
TEN,LCB,1,00-0037758,Cor'Dale Flott
TEN,LCB,2,00-0040020,Micah Robinson
TEN,LCB,3,00-0040093,Melvin Smith Jr.
TEN,LDE,1,00-0034805,John Franklin-Myers
TEN,LDE,2,00-0041508,Keldric Faulk
TEN,LDE,3,00-0040752,Oluwafemi Oladejo
TEN,LDE,4,00-0033902,Tanoh Kpassagnon
TEN,LDT,1,00-0035643,Jeffery Simmons
TEN,LDT,2,00-0040892,Jackie Marshall
TEN,LDT,3,00-0040041,Nazir Stackhouse
TEN,LG,1,00-0039034,Peter Skoronski
TEN,LG,2,00-0040881,Fernando Carmona
TEN,LS,1,00-0027557,Morgan Cox
TEN,LT,1,00-0036869,Dan Moore Jr.
TEN,LT,2,00-0036866,James Hudson III
TEN,MLB,1,00-0035672,Cody Barton
TEN,MLB,2,00-0041479,Anthony Hill Jr.
TEN,NB,1,00-0040201,Marcus Harris
TEN,P,1,00-0035889,Tommy Townsend
TEN,PR,1,00-0040705,Chimere Dike
TEN,QB,1,00-0040676,Cam Ward
TEN,QB,2,00-0033869,Mitchell Trubisky
TEN,RB,1,00-0035261,Tony Pollard
TEN,RB,2,00-0039032,Tyjae Spears
TEN,RB,3,00-0040886,Nicholas Singleton
TEN,RB,4,00-0037594,Julius Chestnut
TEN,RCB,1,00-0038121,Alontae Taylor
TEN,RCB,2,00-0038043,Joshua Williams
TEN,RDE,1,00-0037663,Jermaine Johnson II
TEN,RDE,2,00-0034163,Jacob Martin
TEN,RDE,3,00-0038514,Truman Jones
TEN,RDE,4,00-0039436,Jaylen Harrell
TEN,RDT,1,00-0036266,Jordan Elliott
TEN,RDT,2,00-0033870,Solomon Thomas
TEN,RG,1,00-0040881,Fernando Carmona
TEN,RG,2,00-0040190,Jackson Slater
TEN,RG,3,00-0040079,Garrett Dellinger
TEN,RT,1,00-0039731,JC Latham
TEN,RT,2,00-0040512,Brandon Crenshaw-Dickson
TEN,SLB,1,00-0039430,James Williams Sr.
TEN,SLB,2,00-0040503,Dorian Mausi
TEN,SS,1,00-0035632,Amani Hooker
TEN,SS,2,00-0038703,Kendell Brooks
TEN,TE,1,00-0040584,Gunnar Helm
TEN,TE,2,00-0038115,Daniel Bellinger
TEN,TE,3,00-0036876,Kylen Granson
TEN,TE,4,00-0039648,David Martin-Robinson
TEN,TE,5,00-0040901,Jaren Kanak
TEN,WLB,1,00-0039858,Cedric Gray
TEN,WLB,2,00-0038600,Owen Pappoe
TEN,WLB,3,00-0036511,Milo Eifler
TEN,WR_SLOT,1,00-0034837,Calvin Ridley
TEN,WR_X,1,00-0041438,Carnell Tate
TEN,WR_X,2,00-0040705,Chimere Dike
TEN,WR_Z,1,00-0038117,Wan'Dale Robinson
TEN,WR_Z,2,00-0040170,Elic Ayomanor
WAS,C,1,00-0035149,Nick Allegretti
WAS,C,2,00-0041108,Matt Gulbin
WAS,FS,1,00-0034465,Jeremy Reaves
WAS,FS,2,00-0039149,Quan Martin
WAS,FS,3,00-0038100,Percy Butler
WAS,H,1,00-0030140,Tress Way
WAS,K,1,00-0041182,Drew Stevens
WAS,KR,1,00-0039355,Luke McCaffrey
WAS,KR,2,00-0040164,Jaylin Lane
WAS,KR,3,00-0036626,Dyami Brown
WAS,LCB,1,00-0033551,Rasul Douglas
WAS,LCB,2,00-0040731,Trey Amos
WAS,LDE,1,00-0034397,Tim Settle
WAS,LDE,2,00-0035409,Shy Tuttle
WAS,LDE,3,00-0039906,Jer'Zhan Newton
WAS,LG,1,00-0037092,Chris Paul
WAS,LG,2,00-0039913,Brandon Coleman
WAS,LILB,1,00-0034302,Frankie Luvu
WAS,LILB,2,00-0039368,Jordan Magee
WAS,LILB,3,00-0040216,Kain Medrano
WAS,LILB,4,00-0039318,Curtis Jacobs
WAS,LS,1,00-0031156,Tyler Ott
WAS,LT,1,00-0039913,Brandon Coleman
WAS,LT,2,00-0032222,D.J. Humphries
WAS,LT,3,00-0033831,Andrew Wylie
WAS,LT,4,00-0032380,Laremy Tunsil
WAS,NB,1,00-0036375,Amik Robertson
WAS,NT,1,00-0034333,Daron Payne
WAS,P,1,00-0030140,Tress Way
WAS,PR,1,00-0040164,Jaylin Lane
WAS,PR,2,00-0039355,Luke McCaffrey
WAS,PR,3,00-0037742,Treylon Burks
WAS,PR,4,00-0041040,Antonio Williams
WAS,QB,1,00-0039910,Jayden Daniels
WAS,QB,2,00-0032268,Marcus Mariota
WAS,QB,3,00-0041117,Athan Kaliakmanis
WAS,RB,1,00-0040242,Jacory Croskey-Merritt
WAS,RB,2,00-0037256,Rachaad White
WAS,RB,3,00-0041096,Kaytron Allen
WAS,RB,4,00-0033955,Jeremy McNichols
WAS,RCB,1,00-0039898,Mike Sainristil
WAS,RCB,2,00-0033918,Fabian Moreau
WAS,RDE,1,00-0036260,Javon Kinlaw
WAS,RDE,2,00-0035279,Charles Omenihu
WAS,RDE,3,00-0040314,Ricky Barber
WAS,RDE,4,00-0033947,Deatrich Wise Jr.
WAS,RG,1,00-0036618,Sam Cosmi
WAS,RG,2,00-0033831,Andrew Wylie
WAS,RG,3,00-0041183,Tanoa Togiai
WAS,RILB,1,00-0041028,Sonny Styles
WAS,RILB,2,00-0037819,Leo Chenal
WAS,RT,1,00-0040686,Josh Conerly Jr.
WAS,SOLB,1,00-0036286,K'Lavon Chaisson
WAS,SOLB,2,00-0034373,Dorance Armstrong
WAS,SS,1,00-0037616,Nick Cross
WAS,SS,2,00-0039681,Tyler Owens
WAS,TE,1,00-0037809,Chig Okonkwo
WAS,TE,2,00-0036628,John Bates
WAS,TE,3,00-0039912,Ben Sinnott
WAS,TE,4,00-0039686,Colson Yankoff
WAS,WOLB,1,00-0036940,Odafe Oweh
WAS,WOLB,2,00-0041074,Joshua Josephs
WAS,WOLB,3,00-0039412,Javontae Jean-Baptiste
WAS,WR_SLOT,1,00-0041040,Antonio Williams
WAS,WR_SLOT,2,00-0036626,Dyami Brown
WAS,WR_X,1,00-0035659,Terry McLaurin
WAS,WR_X,2,00-0039355,Luke McCaffrey
WAS,WR_X,3,00-0040164,Jaylin Lane
WAS,WR_Z,1,00-0031588,Stefon Diggs
WAS,WR_Z,2,00-0037742,Treylon Burks
WAS,WR_Z,3,00-0040317,Jacoby Jones
