game_id,season,week,game_type,gameday,home,away,stadium,roof,surface,neutral_site,spread_line,home_score,away_score
2025_01_DAL_PHI,2025,1,REG,2025-09-04,PHI,DAL,Lincoln Financial Field,outdoors,grass,0,8.5,24,20
2025_01_KC_LAC,2025,1,REG,2025-09-05,LAC,KC,SoFi Stadium,dome,,1,-3.0,27,21
2025_01_ARI_NO,2025,1,REG,2025-09-07,NO,ARI,Mercedes-Benz Superdome,dome,sportturf,0,-6.0,13,20
2025_01_BAL_BUF,2025,1,REG,2025-09-07,BUF,BAL,New Era Field,outdoors,a_turf,0,-1.5,41,40
2025_01_CAR_JAX,2025,1,REG,2025-09-07,JAX,CAR,TIAA Bank Stadium,outdoors,grass,0,4.5,26,10
2025_01_CIN_CLE,2025,1,REG,2025-09-07,CLE,CIN,FirstEnergy Stadium,outdoors,grass,0,-5.5,16,17
2025_01_DET_GB,2025,1,REG,2025-09-07,GB,DET,Lambeau Field,outdoors,grass,0,1.5,27,13
2025_01_HOU_LA,2025,1,REG,2025-09-07,LA,HOU,SoFi Stadium,dome,matrixturf,0,3.5,14,9
2025_01_LV_NE,2025,1,REG,2025-09-07,NE,LV,Gillette Stadium,outdoors,fieldturf,0,2.5,13,20
2025_01_MIA_IND,2025,1,REG,2025-09-07,IND,MIA,Lucas Oil Stadium,closed,fieldturf,0,1.5,33,8
2025_01_NYG_WAS,2025,1,REG,2025-09-07,WAS,NYG,FedExField,outdoors,grass,0,6.0,21,6
2025_01_PIT_NYJ,2025,1,REG,2025-09-07,NYJ,PIT,MetLife Stadium,outdoors,fieldturf,0,-3.0,32,34
2025_01_SF_SEA,2025,1,REG,2025-09-07,SEA,SF,Lumen Field,outdoors,fieldturf,0,-2.5,13,17
2025_01_TB_ATL,2025,1,REG,2025-09-07,ATL,TB,Mercedes-Benz Stadium,closed,fieldturf,0,-1.5,20,23
2025_01_TEN_DEN,2025,1,REG,2025-09-07,DEN,TEN,Empower Field at Mile High,outdoors,grass,0,8.5,20,12
2025_01_MIN_CHI,2025,1,REG,2025-09-08,CHI,MIN,Soldier Field,outdoors,grass,0,-1.5,24,27
2025_02_WAS_GB,2025,2,REG,2025-09-11,GB,WAS,Lambeau Field,outdoors,grass,0,3.5,27,18
2025_02_ATL_MIN,2025,2,REG,2025-09-14,MIN,ATL,U.S. Bank Stadium,dome,sportturf,0,3.5,6,22
2025_02_BUF_NYJ,2025,2,REG,2025-09-14,NYJ,BUF,MetLife Stadium,outdoors,fieldturf,0,-6.0,10,30
2025_02_CAR_ARI,2025,2,REG,2025-09-14,ARI,CAR,State Farm Stadium,closed,grass,0,7.0,27,22
2025_02_CHI_DET,2025,2,REG,2025-09-14,DET,CHI,Ford Field,dome,fieldturf,0,6.0,52,21
2025_02_CLE_BAL,2025,2,REG,2025-09-14,BAL,CLE,M&T Bank Stadium,outdoors,grass,0,12.5,41,17
2025_02_DEN_IND,2025,2,REG,2025-09-14,IND,DEN,Lucas Oil Stadium,closed,fieldturf,0,-2.5,29,28
2025_02_JAX_CIN,2025,2,REG,2025-09-14,CIN,JAX,Paycor Stadium,outdoors,fieldturf,0,3.5,31,27
2025_02_LA_TEN,2025,2,REG,2025-09-14,TEN,LA,Nissan Stadium,outdoors,grass,0,-5.5,19,33
2025_02_NE_MIA,2025,2,REG,2025-09-14,MIA,NE,Hard Rock Stadium,outdoors,grass,0,1.5,27,33
2025_02_NYG_DAL,2025,2,REG,2025-09-14,DAL,NYG,AT&T Stadium,closed,matrixturf,0,4.5,40,37
2025_02_PHI_KC,2025,2,REG,2025-09-14,KC,PHI,GEHA Field at Arrowhead Stadium,outdoors,grass,0,-1.5,17,20
2025_02_SEA_PIT,2025,2,REG,2025-09-14,PIT,SEA,Acrisure Stadium,outdoors,grass,0,3.5,17,31
2025_02_SF_NO,2025,2,REG,2025-09-14,NO,SF,Mercedes-Benz Superdome,dome,sportturf,0,-3.0,21,26
2025_02_LAC_LV,2025,2,REG,2025-09-15,LV,LAC,Allegiant Stadium,dome,grass,0,-3.5,9,20
2025_02_TB_HOU,2025,2,REG,2025-09-15,HOU,TB,NRG Stadium,closed,astroturf,0,2.5,19,20
2025_03_MIA_BUF,2025,3,REG,2025-09-18,BUF,MIA,New Era Field,outdoors,a_turf,0,12.5,31,21
2025_03_ARI_SF,2025,3,REG,2025-09-21,SF,ARI,Levi's Stadium,outdoors,grass,0,1.5,16,15
2025_03_ATL_CAR,2025,3,REG,2025-09-21,CAR,ATL,Bank of America Stadium,outdoors,grass,0,-5.5,30,0
2025_03_CIN_MIN,2025,3,REG,2025-09-21,MIN,CIN,U.S. Bank Stadium,dome,sportturf,0,3.0,48,10
2025_03_DAL_CHI,2025,3,REG,2025-09-21,CHI,DAL,Soldier Field,outdoors,grass,0,-1.5,31,14
2025_03_DEN_LAC,2025,3,REG,2025-09-21,LAC,DEN,SoFi Stadium,dome,matrixturf,0,2.5,23,20
2025_03_GB_CLE,2025,3,REG,2025-09-21,CLE,GB,FirstEnergy Stadium,outdoors,grass,0,-8.5,13,10
2025_03_HOU_JAX,2025,3,REG,2025-09-21,JAX,HOU,TIAA Bank Stadium,outdoors,grass,0,1.5,17,10
2025_03_IND_TEN,2025,3,REG,2025-09-21,TEN,IND,Nissan Stadium,outdoors,grass,0,-6.0,20,41
2025_03_KC_NYG,2025,3,REG,2025-09-21,NYG,KC,MetLife Stadium,outdoors,fieldturf,0,-6.0,9,22
2025_03_LA_PHI,2025,3,REG,2025-09-21,PHI,LA,Lincoln Financial Field,outdoors,grass,0,3.5,33,26
2025_03_LV_WAS,2025,3,REG,2025-09-21,WAS,LV,FedExField,outdoors,grass,0,2.5,41,24
2025_03_NO_SEA,2025,3,REG,2025-09-21,SEA,NO,Lumen Field,outdoors,fieldturf,0,7.5,44,13
2025_03_NYJ_TB,2025,3,REG,2025-09-21,TB,NYJ,Raymond James Stadium,outdoors,grass,0,6.5,29,27
2025_03_PIT_NE,2025,3,REG,2025-09-21,NE,PIT,Gillette Stadium,outdoors,fieldturf,0,-1.5,14,21
2025_03_DET_BAL,2025,3,REG,2025-09-22,BAL,DET,M&T Bank Stadium,outdoors,grass,0,4.5,30,38
2025_04_SEA_ARI,2025,4,REG,2025-09-25,ARI,SEA,State Farm Stadium,closed,grass,0,-1.5,20,23
2025_04_BAL_KC,2025,4,REG,2025-09-28,KC,BAL,GEHA Field at Arrowhead Stadium,outdoors,grass,0,-2.5,37,20
2025_04_CAR_NE,2025,4,REG,2025-09-28,NE,CAR,Gillette Stadium,outdoors,fieldturf,0,5.5,42,13
2025_04_CHI_LV,2025,4,REG,2025-09-28,LV,CHI,Allegiant Stadium,dome,grass,0,1.5,24,25
2025_04_CLE_DET,2025,4,REG,2025-09-28,DET,CLE,Ford Field,dome,fieldturf,0,10.0,34,10
2025_04_GB_DAL,2025,4,REG,2025-09-28,DAL,GB,AT&T Stadium,closed,matrixturf,0,-7.0,40,40
2025_04_IND_LA,2025,4,REG,2025-09-28,LA,IND,SoFi Stadium,dome,matrixturf,0,3.5,27,20
2025_04_JAX_SF,2025,4,REG,2025-09-28,SF,JAX,Levi's Stadium,outdoors,grass,0,3.5,21,26
2025_04_LAC_NYG,2025,4,REG,2025-09-28,NYG,LAC,MetLife Stadium,outdoors,fieldturf,0,-6.0,21,18
2025_04_MIN_PIT,2025,4,REG,2025-09-28,PIT,MIN,Acrisure Stadium,outdoors,grass,1,-2.5,24,21
2025_04_NO_BUF,2025,4,REG,2025-09-28,BUF,NO,New Era Field,outdoors,a_turf,0,15.5,31,19
2025_04_PHI_TB,2025,4,REG,2025-09-28,TB,PHI,Raymond James Stadium,outdoors,grass,0,-3.5,25,31
2025_04_TEN_HOU,2025,4,REG,2025-09-28,HOU,TEN,NRG Stadium,closed,astroturf,0,7.5,26,0
2025_04_WAS_ATL,2025,4,REG,2025-09-28,ATL,WAS,Mercedes-Benz Stadium,closed,fieldturf,0,2.5,34,27
2025_04_CIN_DEN,2025,4,REG,2025-09-29,DEN,CIN,Empower Field at Mile High,outdoors,grass,0,7.5,28,3
2025_04_NYJ_MIA,2025,4,REG,2025-09-29,MIA,NYJ,Hard Rock Stadium,outdoors,grass,0,2.5,27,21
2025_05_SF_LA,2025,5,REG,2025-10-02,LA,SF,SoFi Stadium,dome,matrixturf,0,8.5,23,26
2025_05_DAL_NYJ,2025,5,REG,2025-10-05,NYJ,DAL,MetLife Stadium,outdoors,fieldturf,0,1.5,22,37
2025_05_DEN_PHI,2025,5,REG,2025-10-05,PHI,DEN,Lincoln Financial Field,outdoors,grass,0,3.5,17,21
2025_05_DET_CIN,2025,5,REG,2025-10-05,CIN,DET,Paycor Stadium,outdoors,fieldturf,0,-10.5,24,37
2025_05_HOU_BAL,2025,5,REG,2025-10-05,BAL,HOU,M&T Bank Stadium,outdoors,grass,0,-2.5,10,44
2025_05_LV_IND,2025,5,REG,2025-10-05,IND,LV,Lucas Oil Stadium,closed,fieldturf,0,7.0,40,6
2025_05_MIA_CAR,2025,5,REG,2025-10-05,CAR,MIA,Bank of America Stadium,outdoors,grass,0,-1.5,27,24
2025_05_MIN_CLE,2025,5,REG,2025-10-05,CLE,MIN,FirstEnergy Stadium,outdoors,grass,1,-3.5,17,21
2025_05_NE_BUF,2025,5,REG,2025-10-05,BUF,NE,New Era Field,outdoors,a_turf,0,7.5,20,23
2025_05_NYG_NO,2025,5,REG,2025-10-05,NO,NYG,Mercedes-Benz Superdome,dome,sportturf,0,1.5,26,14
2025_05_TB_SEA,2025,5,REG,2025-10-05,SEA,TB,Lumen Field,outdoors,fieldturf,0,3.5,35,38
2025_05_TEN_ARI,2025,5,REG,2025-10-05,ARI,TEN,State Farm Stadium,closed,grass,0,7.5,21,22
2025_05_WAS_LAC,2025,5,REG,2025-10-05,LAC,WAS,SoFi Stadium,dome,matrixturf,0,2.5,10,27
2025_05_KC_JAX,2025,5,REG,2025-10-06,JAX,KC,TIAA Bank Stadium,outdoors,grass,0,-3.5,31,28
2025_06_PHI_NYG,2025,6,REG,2025-10-09,NYG,PHI,MetLife Stadium,outdoors,fieldturf,0,-7.0,34,17
2025_06_ARI_IND,2025,6,REG,2025-10-12,IND,ARI,Lucas Oil Stadium,closed,fieldturf,0,8.5,31,27
2025_06_CIN_GB,2025,6,REG,2025-10-12,GB,CIN,Lambeau Field,outdoors,grass,0,14.0,27,18
2025_06_CLE_PIT,2025,6,REG,2025-10-12,PIT,CLE,Acrisure Stadium,outdoors,grass,0,5.5,23,9
2025_06_DAL_CAR,2025,6,REG,2025-10-12,CAR,DAL,Bank of America Stadium,outdoors,grass,0,-3.0,30,27
2025_06_DEN_NYJ,2025,6,REG,2025-10-12,NYJ,DEN,MetLife Stadium,outdoors,grass,1,-7.5,11,13
2025_06_DET_KC,2025,6,REG,2025-10-12,KC,DET,GEHA Field at Arrowhead Stadium,outdoors,grass,0,2.5,30,17
2025_06_LAC_MIA,2025,6,REG,2025-10-12,MIA,LAC,Hard Rock Stadium,outdoors,grass,0,-3.5,27,29
2025_06_LA_BAL,2025,6,REG,2025-10-12,BAL,LA,M&T Bank Stadium,outdoors,grass,0,-7.0,3,17
2025_06_NE_NO,2025,6,REG,2025-10-12,NO,NE,Mercedes-Benz Superdome,dome,sportturf,0,-3.5,19,25
2025_06_SEA_JAX,2025,6,REG,2025-10-12,JAX,SEA,TIAA Bank Stadium,outdoors,grass,0,-1.5,12,20
2025_06_SF_TB,2025,6,REG,2025-10-12,TB,SF,Raymond James Stadium,outdoors,grass,0,3.5,30,19
2025_06_TEN_LV,2025,6,REG,2025-10-12,LV,TEN,Allegiant Stadium,dome,grass,0,3.5,20,10
2025_06_BUF_ATL,2025,6,REG,2025-10-13,ATL,BUF,Mercedes-Benz Stadium,closed,fieldturf,0,-3.5,24,14
2025_06_CHI_WAS,2025,6,REG,2025-10-13,WAS,CHI,FedExField,outdoors,grass,0,5.5,24,25
2025_07_PIT_CIN,2025,7,REG,2025-10-16,CIN,PIT,Paycor Stadium,outdoors,fieldturf,0,-5.5,33,31
2025_07_ATL_SF,2025,7,REG,2025-10-19,SF,ATL,Levi's Stadium,outdoors,grass,0,1.5,20,10
2025_07_CAR_NYJ,2025,7,REG,2025-10-19,NYJ,CAR,MetLife Stadium,outdoors,fieldturf,0,1.5,6,13
2025_07_GB_ARI,2025,7,REG,2025-10-19,ARI,GB,State Farm Stadium,closed,grass,0,-7.0,23,27
2025_07_IND_LAC,2025,7,REG,2025-10-19,LAC,IND,SoFi Stadium,dome,matrixturf,0,2.5,24,38
2025_07_LA_JAX,2025,7,REG,2025-10-19,JAX,LA,TIAA Bank Stadium,outdoors,grass,1,-3.0,7,35
2025_07_LV_KC,2025,7,REG,2025-10-19,KC,LV,GEHA Field at Arrowhead Stadium,outdoors,grass,0,13.5,31,0
2025_07_MIA_CLE,2025,7,REG,2025-10-19,CLE,MIA,FirstEnergy Stadium,outdoors,grass,0,2.5,31,6
2025_07_NE_TEN,2025,7,REG,2025-10-19,TEN,NE,Nissan Stadium,outdoors,grass,0,-6.5,13,31
2025_07_NO_CHI,2025,7,REG,2025-10-19,CHI,NO,Soldier Field,outdoors,grass,0,4.5,26,14
2025_07_NYG_DEN,2025,7,REG,2025-10-19,DEN,NYG,Empower Field at Mile High,outdoors,grass,0,7.5,33,32
2025_07_PHI_MIN,2025,7,REG,2025-10-19,MIN,PHI,U.S. Bank Stadium,dome,sportturf,0,-2.5,22,28
2025_07_WAS_DAL,2025,7,REG,2025-10-19,DAL,WAS,AT&T Stadium,closed,matrixturf,0,1.5,44,22
2025_07_HOU_SEA,2025,7,REG,2025-10-20,SEA,HOU,Lumen Field,outdoors,fieldturf,0,3.0,27,19
2025_07_TB_DET,2025,7,REG,2025-10-20,DET,TB,Ford Field,dome,fieldturf,0,6.0,24,9
2025_08_MIN_LAC,2025,8,REG,2025-10-23,LAC,MIN,SoFi Stadium,dome,matrixturf,0,3.0,37,10
2025_08_BUF_CAR,2025,8,REG,2025-10-26,CAR,BUF,Bank of America Stadium,outdoors,grass,0,-7.0,9,40
2025_08_CHI_BAL,2025,8,REG,2025-10-26,BAL,CHI,M&T Bank Stadium,outdoors,grass,0,2.5,30,16
2025_08_CLE_NE,2025,8,REG,2025-10-26,NE,CLE,Gillette Stadium,outdoors,fieldturf,0,7.0,32,13
2025_08_DAL_DEN,2025,8,REG,2025-10-26,DEN,DAL,Empower Field at Mile High,outdoors,grass,0,3.5,44,24
2025_08_GB_PIT,2025,8,REG,2025-10-26,PIT,GB,Acrisure Stadium,outdoors,grass,0,-3.0,25,35
2025_08_MIA_ATL,2025,8,REG,2025-10-26,ATL,MIA,Mercedes-Benz Stadium,closed,fieldturf,0,7.0,10,34
2025_08_NYG_PHI,2025,8,REG,2025-10-26,PHI,NYG,Lincoln Financial Field,outdoors,grass,0,7.0,38,20
2025_08_NYJ_CIN,2025,8,REG,2025-10-26,CIN,NYJ,Paycor Stadium,outdoors,fieldturf,0,5.5,38,39
2025_08_SF_HOU,2025,8,REG,2025-10-26,HOU,SF,NRG Stadium,closed,astroturf,0,2.5,26,15
2025_08_TB_NO,2025,8,REG,2025-10-26,NO,TB,Mercedes-Benz Superdome,dome,sportturf,0,-4.5,3,23
2025_08_TEN_IND,2025,8,REG,2025-10-26,IND,TEN,Lucas Oil Stadium,closed,fieldturf,0,15.5,38,14
2025_08_WAS_KC,2025,8,REG,2025-10-27,KC,WAS,GEHA Field at Arrowhead Stadium,outdoors,grass,0,10.5,28,7
2025_09_BAL_MIA,2025,9,REG,2025-10-30,MIA,BAL,Hard Rock Stadium,outdoors,grass,0,-7.5,6,28
2025_09_ATL_NE,2025,9,REG,2025-11-02,NE,ATL,Gillette Stadium,outdoors,fieldturf,0,5.5,24,23
2025_09_CAR_GB,2025,9,REG,2025-11-02,GB,CAR,Lambeau Field,outdoors,grass,0,12.5,13,16
2025_09_CHI_CIN,2025,9,REG,2025-11-02,CIN,CHI,Paycor Stadium,outdoors,fieldturf,0,-3.0,42,47
2025_09_DEN_HOU,2025,9,REG,2025-11-02,HOU,DEN,NRG Stadium,closed,astroturf,0,1.5,15,18
2025_09_IND_PIT,2025,9,REG,2025-11-02,PIT,IND,Acrisure Stadium,outdoors,grass,0,-3.5,27,20
2025_09_JAX_LV,2025,9,REG,2025-11-02,LV,JAX,Allegiant Stadium,dome,grass,0,-2.5,29,30
2025_09_KC_BUF,2025,9,REG,2025-11-02,BUF,KC,New Era Field,outdoors,a_turf,0,-2.5,28,21
2025_09_LAC_TEN,2025,9,REG,2025-11-02,TEN,LAC,Nissan Stadium,outdoors,grass,0,-10.0,20,27
2025_09_MIN_DET,2025,9,REG,2025-11-02,DET,MIN,Ford Field,dome,fieldturf,0,9.5,24,27
2025_09_NO_LA,2025,9,REG,2025-11-02,LA,NO,SoFi Stadium,dome,matrixturf,0,14.0,34,10
2025_09_SEA_WAS,2025,9,REG,2025-11-02,WAS,SEA,FedExField,outdoors,grass,0,-2.5,14,38
2025_09_SF_NYG,2025,9,REG,2025-11-02,NYG,SF,MetLife Stadium,outdoors,fieldturf,0,-2.5,24,34
2025_09_ARI_DAL,2025,9,REG,2025-11-03,DAL,ARI,AT&T Stadium,closed,matrixturf,0,3.5,17,27
2025_10_LV_DEN,2025,10,REG,2025-11-06,DEN,LV,Empower Field at Mile High,outdoors,grass,0,9.5,10,7
2025_10_ARI_SEA,2025,10,REG,2025-11-09,SEA,ARI,Lumen Field,outdoors,fieldturf,0,7.0,44,22
2025_10_ATL_IND,2025,10,REG,2025-11-09,IND,ATL,Lucas Oil Stadium,closed,grass,1,6.5,31,25
2025_10_BAL_MIN,2025,10,REG,2025-11-09,MIN,BAL,U.S. Bank Stadium,dome,sportturf,0,-4.5,19,27
2025_10_BUF_MIA,2025,10,REG,2025-11-09,MIA,BUF,Hard Rock Stadium,outdoors,grass,0,-8.5,30,13
2025_10_CLE_NYJ,2025,10,REG,2025-11-09,NYJ,CLE,MetLife Stadium,outdoors,fieldturf,0,-1.5,27,20
2025_10_DET_WAS,2025,10,REG,2025-11-09,WAS,DET,FedExField,outdoors,grass,0,-8.5,22,44
2025_10_JAX_HOU,2025,10,REG,2025-11-09,HOU,JAX,NRG Stadium,closed,astroturf,0,-1.5,36,29
2025_10_LA_SF,2025,10,REG,2025-11-09,SF,LA,Levi's Stadium,outdoors,grass,0,-5.5,26,42
2025_10_NE_TB,2025,10,REG,2025-11-09,TB,NE,Raymond James Stadium,outdoors,grass,0,2.5,23,28
2025_10_NO_CAR,2025,10,REG,2025-11-09,CAR,NO,Bank of America Stadium,outdoors,grass,0,5.5,7,17
2025_10_NYG_CHI,2025,10,REG,2025-11-09,CHI,NYG,Soldier Field,outdoors,grass,0,4.5,24,20
2025_10_PIT_LAC,2025,10,REG,2025-11-09,LAC,PIT,SoFi Stadium,dome,matrixturf,0,3.0,25,10
2025_10_PHI_GB,2025,10,REG,2025-11-10,GB,PHI,Lambeau Field,outdoors,grass,0,1.5,7,10
2025_11_NYJ_NE,2025,11,REG,2025-11-13,NE,NYJ,Gillette Stadium,outdoors,fieldturf,0,12.5,27,14
2025_11_BAL_CLE,2025,11,REG,2025-11-16,CLE,BAL,FirstEnergy Stadium,outdoors,grass,0,-7.5,16,23
2025_11_CAR_ATL,2025,11,REG,2025-11-16,ATL,CAR,Mercedes-Benz Stadium,closed,fieldturf,0,4.5,27,30
2025_11_CHI_MIN,2025,11,REG,2025-11-16,MIN,CHI,U.S. Bank Stadium,dome,sportturf,0,3.0,17,19
2025_11_CIN_PIT,2025,11,REG,2025-11-16,PIT,CIN,Acrisure Stadium,outdoors,grass,0,5.5,34,12
2025_11_DET_PHI,2025,11,REG,2025-11-16,PHI,DET,Lincoln Financial Field,outdoors,grass,0,2.5,16,9
2025_11_GB_NYG,2025,11,REG,2025-11-16,NYG,GB,MetLife Stadium,outdoors,fieldturf,0,-7.5,20,27
2025_11_HOU_TEN,2025,11,REG,2025-11-16,TEN,HOU,Nissan Stadium,outdoors,grass,0,-5.5,13,16
2025_11_KC_DEN,2025,11,REG,2025-11-16,DEN,KC,Empower Field at Mile High,outdoors,grass,0,-3.5,22,19
2025_11_LAC_JAX,2025,11,REG,2025-11-16,JAX,LAC,TIAA Bank Stadium,outdoors,grass,0,-3.0,35,6
2025_11_SEA_LA,2025,11,REG,2025-11-16,LA,SEA,SoFi Stadium,dome,matrixturf,0,3.0,21,19
2025_11_SF_ARI,2025,11,REG,2025-11-16,ARI,SF,State Farm Stadium,closed,grass,0,-3.5,22,41
2025_11_TB_BUF,2025,11,REG,2025-11-16,BUF,TB,New Era Field,outdoors,a_turf,0,6.0,44,32
2025_11_WAS_MIA,2025,11,REG,2025-11-16,MIA,WAS,Hard Rock Stadium,outdoors,grass,1,2.5,16,13
2025_11_DAL_LV,2025,11,REG,2025-11-17,LV,DAL,Allegiant Stadium,dome,grass,0,-3.5,16,33
2025_12_BUF_HOU,2025,12,REG,2025-11-20,HOU,BUF,NRG Stadium,closed,astroturf,0,-5.5,23,19
2025_12_ATL_NO,2025,12,REG,2025-11-23,NO,ATL,Mercedes-Benz Superdome,dome,sportturf,0,1.5,10,24
2025_12_CLE_LV,2025,12,REG,2025-11-23,LV,CLE,Allegiant Stadium,dome,grass,0,3.0,10,24
2025_12_IND_KC,2025,12,REG,2025-11-23,KC,IND,GEHA Field at Arrowhead Stadium,outdoors,grass,0,3.5,23,20
2025_12_JAX_ARI,2025,12,REG,2025-11-23,ARI,JAX,State Farm Stadium,closed,grass,0,-2.5,24,27
2025_12_MIN_GB,2025,12,REG,2025-11-23,GB,MIN,Lambeau Field,outdoors,grass,0,6.5,23,6
2025_12_NE_CIN,2025,12,REG,2025-11-23,CIN,NE,Paycor Stadium,outdoors,fieldturf,0,-7.5,20,26
2025_12_NYG_DET,2025,12,REG,2025-11-23,DET,NYG,Ford Field,dome,fieldturf,0,14.0,34,27
2025_12_NYJ_BAL,2025,12,REG,2025-11-23,BAL,NYJ,M&T Bank Stadium,outdoors,grass,0,14.0,23,10
2025_12_PHI_DAL,2025,12,REG,2025-11-23,DAL,PHI,AT&T Stadium,closed,matrixturf,0,-3.0,24,21
2025_12_PIT_CHI,2025,12,REG,2025-11-23,CHI,PIT,Soldier Field,outdoors,grass,0,3.0,31,28
2025_12_SEA_TEN,2025,12,REG,2025-11-23,TEN,SEA,Nissan Stadium,outdoors,grass,0,-12.5,24,30
2025_12_TB_LA,2025,12,REG,2025-11-23,LA,TB,SoFi Stadium,dome,matrixturf,0,7.0,34,7
2025_12_CAR_SF,2025,12,REG,2025-11-24,SF,CAR,Levi's Stadium,outdoors,grass,0,7.5,20,9
2025_13_CIN_BAL,2025,13,REG,2025-11-27,BAL,CIN,M&T Bank Stadium,outdoors,grass,0,7.0,14,32
2025_13_GB_DET,2025,13,REG,2025-11-27,DET,GB,Ford Field,dome,fieldturf,0,2.5,24,31
2025_13_KC_DAL,2025,13,REG,2025-11-27,DAL,KC,AT&T Stadium,closed,matrixturf,0,-3.5,31,28
2025_13_CHI_PHI,2025,13,REG,2025-11-28,PHI,CHI,Lincoln Financial Field,outdoors,grass,0,7.0,15,24
2025_13_ARI_TB,2025,13,REG,2025-11-30,TB,ARI,Raymond James Stadium,outdoors,grass,0,4.5,20,17
2025_13_ATL_NYJ,2025,13,REG,2025-11-30,NYJ,ATL,MetLife Stadium,outdoors,fieldturf,0,-3.0,27,24
2025_13_BUF_PIT,2025,13,REG,2025-11-30,PIT,BUF,Acrisure Stadium,outdoors,grass,0,-3.0,7,26
2025_13_DEN_WAS,2025,13,REG,2025-11-30,WAS,DEN,FedExField,outdoors,grass,0,-6.5,26,27
2025_13_HOU_IND,2025,13,REG,2025-11-30,IND,HOU,Lucas Oil Stadium,closed,fieldturf,0,3.0,16,20
2025_13_JAX_TEN,2025,13,REG,2025-11-30,TEN,JAX,Nissan Stadium,outdoors,grass,0,-6.0,3,25
2025_13_LA_CAR,2025,13,REG,2025-11-30,CAR,LA,Bank of America Stadium,outdoors,grass,0,-10.0,31,28
2025_13_LV_LAC,2025,13,REG,2025-11-30,LAC,LV,SoFi Stadium,dome,matrixturf,0,10.0,31,14
2025_13_MIN_SEA,2025,13,REG,2025-11-30,SEA,MIN,Lumen Field,outdoors,fieldturf,0,12.5,26,0
2025_13_NO_MIA,2025,13,REG,2025-11-30,MIA,NO,Hard Rock Stadium,outdoors,grass,0,5.5,21,17
2025_13_SF_CLE,2025,13,REG,2025-11-30,CLE,SF,FirstEnergy Stadium,outdoors,grass,0,-5.5,8,26
2025_13_NYG_NE,2025,13,REG,2025-12-01,NE,NYG,Gillette Stadium,outdoors,fieldturf,0,7.0,33,15
2025_14_DAL_DET,2025,14,REG,2025-12-04,DET,DAL,Ford Field,dome,fieldturf,0,3.5,44,30
2025_14_CHI_GB,2025,14,REG,2025-12-07,GB,CHI,Lambeau Field,outdoors,grass,0,6.5,28,21
2025_14_CIN_BUF,2025,14,REG,2025-12-07,BUF,CIN,New Era Field,outdoors,a_turf,0,6.0,39,34
2025_14_DEN_LV,2025,14,REG,2025-12-07,LV,DEN,Allegiant Stadium,dome,grass,0,-8.5,17,24
2025_14_HOU_KC,2025,14,REG,2025-12-07,KC,HOU,GEHA Field at Arrowhead Stadium,outdoors,grass,0,4.5,10,20
2025_14_IND_JAX,2025,14,REG,2025-12-07,JAX,IND,TIAA Bank Stadium,outdoors,grass,0,-2.5,36,19
2025_14_LA_ARI,2025,14,REG,2025-12-07,ARI,LA,State Farm Stadium,closed,grass,0,-9.5,17,45
2025_14_MIA_NYJ,2025,14,REG,2025-12-07,NYJ,MIA,MetLife Stadium,outdoors,fieldturf,0,-2.5,10,34
2025_14_NO_TB,2025,14,REG,2025-12-07,TB,NO,Raymond James Stadium,outdoors,grass,0,7.5,20,24
2025_14_PIT_BAL,2025,14,REG,2025-12-07,BAL,PIT,M&T Bank Stadium,outdoors,grass,0,5.5,22,27
2025_14_SEA_ATL,2025,14,REG,2025-12-07,ATL,SEA,Mercedes-Benz Stadium,closed,fieldturf,0,-7.0,9,37
2025_14_TEN_CLE,2025,14,REG,2025-12-07,CLE,TEN,FirstEnergy Stadium,outdoors,grass,0,4.5,29,31
2025_14_WAS_MIN,2025,14,REG,2025-12-07,MIN,WAS,U.S. Bank Stadium,dome,sportturf,0,-1.5,31,0
2025_14_PHI_LAC,2025,14,REG,2025-12-08,LAC,PHI,SoFi Stadium,dome,matrixturf,0,-1.5,22,19
2025_15_ATL_TB,2025,15,REG,2025-12-11,TB,ATL,Raymond James Stadium,outdoors,grass,0,6.0,28,29
2025_15_ARI_HOU,2025,15,REG,2025-12-14,HOU,ARI,NRG Stadium,closed,astroturf,0,10.5,40,20
2025_15_BAL_CIN,2025,15,REG,2025-12-14,CIN,BAL,Paycor Stadium,outdoors,fieldturf,0,-2.5,0,24
2025_15_BUF_NE,2025,15,REG,2025-12-14,NE,BUF,Gillette Stadium,outdoors,fieldturf,0,-2.5,31,35
2025_15_CAR_NO,2025,15,REG,2025-12-14,NO,CAR,Mercedes-Benz Superdome,dome,sportturf,0,-2.5,20,17
2025_15_CLE_CHI,2025,15,REG,2025-12-14,CHI,CLE,Soldier Field,outdoors,grass,0,7.5,31,3
2025_15_DET_LA,2025,15,REG,2025-12-14,LA,DET,SoFi Stadium,dome,matrixturf,0,5.5,41,34
2025_15_GB_DEN,2025,15,REG,2025-12-14,DEN,GB,Empower Field at Mile High,outdoors,grass,0,-1.5,34,26
2025_15_IND_SEA,2025,15,REG,2025-12-14,SEA,IND,Lumen Field,outdoors,fieldturf,0,13.5,18,16
2025_15_LAC_KC,2025,15,REG,2025-12-14,KC,LAC,GEHA Field at Arrowhead Stadium,outdoors,grass,0,5.5,13,16
2025_15_LV_PHI,2025,15,REG,2025-12-14,PHI,LV,Lincoln Financial Field,outdoors,grass,0,12.5,31,0
2025_15_MIN_DAL,2025,15,REG,2025-12-14,DAL,MIN,AT&T Stadium,closed,matrixturf,0,5.5,26,34
2025_15_NYJ_JAX,2025,15,REG,2025-12-14,JAX,NYJ,TIAA Bank Stadium,outdoors,grass,0,13.5,48,20
2025_15_TEN_SF,2025,15,REG,2025-12-14,SF,TEN,Levi's Stadium,outdoors,grass,0,12.5,37,24
2025_15_WAS_NYG,2025,15,REG,2025-12-14,NYG,WAS,MetLife Stadium,outdoors,fieldturf,0,2.5,21,29
2025_15_MIA_PIT,2025,15,REG,2025-12-15,PIT,MIA,Acrisure Stadium,outdoors,grass,0,3.0,28,15
2025_16_LA_SEA,2025,16,REG,2025-12-18,SEA,LA,Lumen Field,outdoors,fieldturf,0,1.5,38,37
2025_16_GB_CHI,2025,16,REG,2025-12-20,CHI,GB,Soldier Field,outdoors,grass,0,1.5,22,16
2025_16_PHI_WAS,2025,16,REG,2025-12-20,WAS,PHI,FedExField,outdoors,grass,0,-7.0,18,29
2025_16_ATL_ARI,2025,16,REG,2025-12-21,ARI,ATL,State Farm Stadium,closed,grass,0,-2.5,19,26
2025_16_BUF_CLE,2025,16,REG,2025-12-21,CLE,BUF,FirstEnergy Stadium,outdoors,grass,0,-10.5,20,23
2025_16_CIN_MIA,2025,16,REG,2025-12-21,MIA,CIN,Hard Rock Stadium,outdoors,grass,0,-3.5,21,45
2025_16_JAX_DEN,2025,16,REG,2025-12-21,DEN,JAX,Empower Field at Mile High,outdoors,grass,0,3.5,20,34
2025_16_KC_TEN,2025,16,REG,2025-12-21,TEN,KC,Nissan Stadium,outdoors,grass,0,-3.5,26,9
2025_16_LAC_DAL,2025,16,REG,2025-12-21,DAL,LAC,AT&T Stadium,closed,matrixturf,0,1.5,17,34
2025_16_LV_HOU,2025,16,REG,2025-12-21,HOU,LV,NRG Stadium,closed,astroturf,0,14.5,23,21
2025_16_MIN_NYG,2025,16,REG,2025-12-21,NYG,MIN,MetLife Stadium,outdoors,fieldturf,0,-2.5,13,16
2025_16_NE_BAL,2025,16,REG,2025-12-21,BAL,NE,M&T Bank Stadium,outdoors,grass,0,3.5,24,28
2025_16_NYJ_NO,2025,16,REG,2025-12-21,NO,NYJ,Mercedes-Benz Superdome,dome,sportturf,0,6.5,29,6
2025_16_PIT_DET,2025,16,REG,2025-12-21,DET,PIT,Ford Field,dome,fieldturf,0,7.5,24,29
2025_16_TB_CAR,2025,16,REG,2025-12-21,CAR,TB,Bank of America Stadium,outdoors,grass,0,-3.0,23,20
2025_16_SF_IND,2025,16,REG,2025-12-22,IND,SF,Lucas Oil Stadium,closed,fieldturf,0,-4.5,27,48
2025_17_DAL_WAS,2025,17,REG,2025-12-25,WAS,DAL,FedExField,outdoors,grass,0,-8.5,23,30
2025_17_DEN_KC,2025,17,REG,2025-12-25,KC,DEN,GEHA Field at Arrowhead Stadium,outdoors,grass,0,-13.5,13,20
2025_17_DET_MIN,2025,17,REG,2025-12-25,MIN,DET,U.S. Bank Stadium,dome,sportturf,0,-7.0,23,10
2025_17_BAL_GB,2025,17,REG,2025-12-27,GB,BAL,Lambeau Field,outdoors,grass,0,2.5,24,41
2025_17_HOU_LAC,2025,17,REG,2025-12-27,LAC,HOU,SoFi Stadium,dome,matrixturf,0,1.5,16,20
2025_17_ARI_CIN,2025,17,REG,2025-12-28,CIN,ARI,Paycor Stadium,outdoors,fieldturf,0,7.0,37,14
2025_17_CHI_SF,2025,17,REG,2025-12-28,SF,CHI,Levi's Stadium,outdoors,grass,0,3.5,42,38
2025_17_JAX_IND,2025,17,REG,2025-12-28,IND,JAX,Lucas Oil Stadium,closed,fieldturf,0,-3.5,17,23
2025_17_NE_NYJ,2025,17,REG,2025-12-28,NYJ,NE,MetLife Stadium,outdoors,fieldturf,0,-12.5,10,42
2025_17_NO_TEN,2025,17,REG,2025-12-28,TEN,NO,Nissan Stadium,outdoors,grass,0,-1.5,26,34
2025_17_NYG_LV,2025,17,REG,2025-12-28,LV,NYG,Allegiant Stadium,dome,grass,0,-3.0,10,34
2025_17_PHI_BUF,2025,17,REG,2025-12-28,BUF,PHI,New Era Field,outdoors,a_turf,0,3.0,12,13
2025_17_PIT_CLE,2025,17,REG,2025-12-28,CLE,PIT,FirstEnergy Stadium,outdoors,grass,0,-4.5,13,6
2025_17_SEA_CAR,2025,17,REG,2025-12-28,CAR,SEA,Bank of America Stadium,outdoors,grass,0,-6.5,10,27
2025_17_TB_MIA,2025,17,REG,2025-12-28,MIA,TB,Hard Rock Stadium,outdoors,grass,0,-5.5,20,17
2025_17_LA_ATL,2025,17,REG,2025-12-29,ATL,LA,Mercedes-Benz Stadium,closed,fieldturf,0,-7.5,27,24
2025_18_CAR_TB,2025,18,REG,2026-01-03,TB,CAR,Raymond James Stadium,outdoors,grass,0,3.0,16,14
2025_18_SEA_SF,2025,18,REG,2026-01-03,SF,SEA,Levi's Stadium,outdoors,grass,0,-2.5,3,13
2025_18_ARI_LA,2025,18,REG,2026-01-04,LA,ARI,SoFi Stadium,dome,matrixturf,0,14.5,37,20
2025_18_BAL_PIT,2025,18,REG,2026-01-04,PIT,BAL,Acrisure Stadium,outdoors,grass,0,-4.5,26,24
2025_18_CLE_CIN,2025,18,REG,2026-01-04,CIN,CLE,Paycor Stadium,outdoors,fieldturf,0,9.5,18,20
2025_18_DAL_NYG,2025,18,REG,2026-01-04,NYG,DAL,MetLife Stadium,outdoors,fieldturf,0,-3.0,34,17
2025_18_DET_CHI,2025,18,REG,2026-01-04,CHI,DET,Soldier Field,outdoors,grass,0,3.5,16,19
2025_18_GB_MIN,2025,18,REG,2026-01-04,MIN,GB,U.S. Bank Stadium,dome,sportturf,0,12.5,16,3
2025_18_IND_HOU,2025,18,REG,2026-01-04,HOU,IND,NRG Stadium,closed,astroturf,0,9.5,38,30
2025_18_KC_LV,2025,18,REG,2026-01-04,LV,KC,Allegiant Stadium,dome,grass,0,-3.5,14,12
2025_18_LAC_DEN,2025,18,REG,2026-01-04,DEN,LAC,Empower Field at Mile High,outdoors,grass,0,14.5,19,3
2025_18_MIA_NE,2025,18,REG,2026-01-04,NE,MIA,Gillette Stadium,outdoors,fieldturf,0,14.0,38,10
2025_18_NO_ATL,2025,18,REG,2026-01-04,ATL,NO,Mercedes-Benz Stadium,closed,fieldturf,0,4.5,19,17
2025_18_NYJ_BUF,2025,18,REG,2026-01-04,BUF,NYJ,New Era Field,outdoors,a_turf,0,12.5,35,8
2025_18_TEN_JAX,2025,18,REG,2026-01-04,JAX,TEN,TIAA Bank Stadium,outdoors,grass,0,12.5,41,7
2025_18_WAS_PHI,2025,18,REG,2026-01-04,PHI,WAS,Lincoln Financial Field,outdoors,grass,0,3.0,17,24
2025_19_GB_CHI,2025,19,WC,2026-01-10,CHI,GB,Soldier Field,outdoors,grass,0,-2.5,31,27
2025_19_LA_CAR,2025,19,WC,2026-01-10,CAR,LA,Bank of America Stadium,outdoors,grass,0,-10.0,31,34
2025_19_BUF_JAX,2025,19,WC,2026-01-11,JAX,BUF,TIAA Bank Stadium,outdoors,grass,0,1.5,24,27
2025_19_LAC_NE,2025,19,WC,2026-01-11,NE,LAC,Gillette Stadium,outdoors,fieldturf,0,3.5,16,3
2025_19_SF_PHI,2025,19,WC,2026-01-11,PHI,SF,Lincoln Financial Field,outdoors,grass,0,6.0,19,23
2025_19_HOU_PIT,2025,19,WC,2026-01-12,PIT,HOU,Acrisure Stadium,outdoors,grass,0,-3.0,6,30
2025_20_BUF_DEN,2025,20,DIV,2026-01-17,DEN,BUF,Empower Field at Mile High,outdoors,grass,0,1.5,33,30
2025_20_SF_SEA,2025,20,DIV,2026-01-17,SEA,SF,Lumen Field,outdoors,fieldturf,0,6.5,41,6
2025_20_HOU_NE,2025,20,DIV,2026-01-18,NE,HOU,Gillette Stadium,outdoors,fieldturf,0,3.0,28,16
2025_20_LA_CHI,2025,20,DIV,2026-01-18,CHI,LA,Soldier Field,outdoors,grass,0,-3.5,17,20
2025_21_LA_SEA,2025,21,CON,2026-01-25,SEA,LA,Lumen Field,outdoors,fieldturf,0,2.5,31,27
2025_21_NE_DEN,2025,21,CON,2026-01-25,DEN,NE,Empower Field at Mile High,outdoors,grass,0,-3.5,7,10
2025_22_SEA_NE,2025,22,SB,2026-02-08,NE,SEA,Levi's Stadium,outdoors,grass,1,-4.5,13,29
